countrycode,year,test,idgrade,subject,nonprof_all,se_nonprof_all,nonprof_ma,se_nonprof_ma,nonprof_fe,se_nonprof_fe,fgt1_all,fgt1_fe,fgt1_ma,fgt2_all,fgt2_fe,fgt2_ma
ARE,2011,PIRLS,4,read,36.017685,.8808257,42.150146,1.4214823,29.855675,1.1456658,.17389004,.15037237,.1904677,.046441488,.035567857,.054106016
ARE,2011,TIMSS,4,math,36.141468,.97319388,38.809471,1.5059434,33.462761,1.2600484,.17418243,.15359573,.19186614,.047335379,.037377547,.055888932
ARE,2011,TIMSS,4,science,39.358074,1.0403529,43.469112,1.5790539,35.230553,1.4192994,.21001439,.18390635,.23110659,.068592712,.053848304,.080502778
ARE,2015,TIMSS,4,math,31.665915,.85144204,32.954182,1.3370425,30.250454,1.6114295,.1740151,.16350357,.1828026,.047074839,.041823365,.051465522
ARE,2015,TIMSS,4,science,33.224003,.93746746,35.835308,1.4489555,30.354858,1.6378882,.21817856,.19902253,.23294833,.073055133,.061619416,.081872188
ARE,2016,PIRLS,4,read,32.428772,1.3028113,38.499516,1.7644614,26.029068,1.6799361,.19376591,.1637322,.21303447,.058336832,.043753527,.067692973
ARG,2001,PIRLS,4,read,40.235104,2.7008476,44.358452,3.0494652,36.24559,2.9624629,.18649764,.18188818,.19039649,.05349626,.051740538,.054973342
ARG,2006,LLECE,6,read,55.296715,1.9823978,57.913132,2.0928092,52.624977,2.162704,.1563888,.15252964,.15835199,.038922418,.036890537,.039566759
ARG,2013,LLECE,6,read,53.578964,1.6840699,59.282379,1.8486556,49.011475,2.3025513,.13218047,.12484763,.13833606,.026155453,.02421076,.027888633
ARM,2003,TIMSS,4,math,25.028837,1.4846536,27.53191,1.7162535,22.400993,1.5977393,.14401954,.13074331,.15431975,.033521406,.028233359,.037620615
ARM,2003,TIMSS,4,science,34.457951,1.7659854,36.311317,2.0276687,32.512207,1.9867963,.17432219,.16429839,.18286465,.049310695,.044373423,.053522579
ARM,2007,TIMSS,4,math,13.261837,1.1947109,14.053506,1.2131757,12.413817,1.6255416,.1081802,.10650463,.10963919,.020425258,.01989601,.020875674
ARM,2007,TIMSS,4,science,23.421991,1.5546815,26.122242,1.6673526,20.529539,1.9306825,.16809885,.1615828,.17289028,.047364336,.045426086,.048789158
ARM,2011,TIMSS,4,math,28.494602,1.4271125,29.590267,1.5639182,27.277542,1.8726581,.13844116,.13265902,.14328113,.031009868,.029053926,.03265252
ARM,2011,TIMSS,4,science,42.30035,1.8219091,43.347752,2.1434176,41.136909,2.3086748,.16682559,.15939978,.17319353,.043634504,.04006014,.046701875
ARM,2015,TIMSS,4,math,16.116714,1.2635183,17.039865,1.4937094,15.142399,1.4093491,.11338788,.11303812,.11371194,.022153268,.022288,.022052329
ARM,2015,TIMSS,4,science,29.995728,1.6847034,33.155674,1.7214665,26.660656,2.0458755,.14831932,.14019242,.15454157,.035904359,.03267955,.038375303
AUS,2003,TIMSS,4,math,11.772555,1.3395137,12.09656,1.5736049,11.454969,1.4261994,.11124007,.10558887,.11660998,.021502826,.019869471,.023038313
AUS,2003,TIMSS,4,science,8.2483826,1.126408,9.7264709,1.719678,6.7995906,.81890726,.12261126,.09848994,.13986404,.026498264,.018119615,.032472014
AUS,2007,TIMSS,4,math,8.5019054,.97796416,9.4296093,1.3721092,7.6029539,1.0363823,.1166996,.10767629,.1241512,.02433919,.022686711,.02567108
AUS,2007,TIMSS,4,science,6.7127523,.77513599,7.3173881,.86517781,6.1268568,.90491402,.11599337,.10850666,.12241961,.023490187,.020630674,.025914179
AUS,2011,PIRLS,4,read,7.0671978,.6665988,8.914793,1.0408237,5.1644745,.5472275,.10062343,.099992335,.1011137,.017004402,.016376184,.01738999
AUS,2011,TIMSS,4,math,9.6564884,.99564481,9.6899691,1.0347707,9.6221743,1.1815001,.11585286,.10680223,.12468456,.023433574,.019814957,.026963219
AUS,2011,TIMSS,4,science,8.8150616,.96020073,9.9969025,1.2189156,7.6036215,1.1423976,.11584524,.110332,.12011343,.023444584,.021911606,.024616322
AUS,2015,TIMSS,4,math,8.6326542,.82733464,8.3586988,1.0716155,8.9223747,1.0473249,.1046082,.10285375,.106483,.018611964,.019136224,.018115273
AUS,2015,TIMSS,4,science,6.2963724,.75868183,6.9386005,.96729428,5.6172075,.97439325,.10022216,.10086122,.09991955,.017591612,.018069739,.0172737
AUS,2016,PIRLS,4,read,5.513793,.5545066,7.2660627,.80952084,3.7707806,.49180329,.12090895,.10540023,.12904242,.02498439,.018469501,.028397063
AUT,2006,PIRLS,4,read,2.3767412,.4234789,3.1361341,.6013034,1.6007125,.41669005,.067487977,.066644847,.067410462,.0082831029,.0082329111,.0082210954
AUT,2007,TIMSS,4,math,7.0772591,.76076084,6.4416828,.87871188,7.7604713,.87801218,.083957419,.087345421,.08035332,.011778055,.012528974,.010979828
AUT,2007,TIMSS,4,science,6.5139651,.61466408,5.8681192,.72661781,7.2082224,.81918186,.096908405,.099631444,.093819626,.016731577,.01739561,.015966585
AUT,2011,PIRLS,4,read,2.8958917,.34855339,3.4892976,.58483535,2.2705734,.34008375,.062049791,.061660562,.06242907,.0067606564,.0062671141,.0070873406
AUT,2011,TIMSS,4,math,4.6978116,.75814056,4.3205681,.88424748,5.0938845,.90484035,.069393478,.073409647,.064892046,.0085998569,.0094333626,.0076642819
AUT,2011,TIMSS,4,science,4.0010395,.58908492,3.6144674,.70928776,4.4069052,.73330677,.075088523,.074918889,.07586807,.010229387,.010257795,.010316763
AUT,2016,PIRLS,4,read,2.4142623,.37913904,2.8882682,.55914587,1.9100189,.40631858,.080623858,.074306145,.084619887,.011136716,.0099720741,.011880205
AZE,2011,PIRLS,4,read,18.140429,1.5970168,20.126265,1.8544042,15.914053,1.6624036,.10405579,.0983022,.10814608,.017724199,.015779566,.01910197
AZE,2011,TIMSS,4,math,27.715492,1.927603,28.75815,2.0801756,26.550365,2.0992165,.15621227,.14978255,.16156557,.038539488,.036101568,.040573478
AZE,2011,TIMSS,4,science,34.854095,2.0781758,36.072128,2.2712588,33.492996,2.2963567,.17165068,.17028652,.17278914,.046058018,.045877121,.046207931
AZE,2016,PIRLS,4,read,19.213671,1.6500555,21.653826,1.9130487,16.456329,1.7156087,.15378389,.15513384,.15289043,.038875133,.039927009,.038173568
BDI,2014,PASEC,6,read,92.673416,.78368288,93.777,1.0040926,91.334206,1.0198774,.13009645,.12094398,.13744099,.022214625,.019683251,.024246018
BEL,2003,TIMSS,4,math,.73761344,.25692737,.99488497,.46899259,.48084259,.15899464,.067012638,.067719802,.067175388,.0079552233,.0075034862,.0082763918
BEL,2003,TIMSS,4,science,2.166909,.3739368,2.6023865,.61991531,1.7322719,.33339065,.058816038,.044956885,.068308994,.0063618994,.0040995283,.0079071661
BEL,2006,PIRLS,4,read,3.7632585,.29862028,4.2494655,.42297101,3.2743275,.38977373,.082186595,.083565608,.081058517,.011923586,.011992202,.011864087
BEL,2011,PIRLS,4,read,6.2062502,1.0814266,6.8657875,1.0630602,5.5168924,1.339191,.079031974,.082414344,.07636071,.010241874,.011020673,.0096403528
BEL,2011,TIMSS,4,math,.67988634,.19328727,.61045289,.19436146,.74855089,.34084812,.044188932,.046900909,.041140795,.0039743283,.0048000161,.0030983542
BEL,2011,TIMSS,4,science,3.5302162,.5027169,2.9395044,.55515134,4.1143475,.74577326,.063035496,.066170827,.058554649,.0068523516,.0075611309,.0058540995
BEL,2015,TIMSS,4,math,.97278953,.29178628,.74178576,.278476,1.2027562,.52138716,.044392366,.044681199,.043891095,.0035621801,.0037862384,.0030958503
BEL,2015,TIMSS,4,science,4.1052103,.62943709,4.1296124,.7651512,4.0809212,.76118332,.069071531,.068654351,.069581822,.0086863339,.0087794,.0086189983
BEL,2016,PIRLS,4,read,5.0987124,.44009835,6.4357996,.56938481,3.7760079,.46384996,.080621488,.080307923,.080835722,.011528815,.011006589,.011847361
BEN,2014,PASEC,6,read,77.341751,1.9206686,75.128662,2.3338456,79.327499,2.0473688,.18754034,.18597625,.18938589,.049640406,.048422411,.051074598
BFA,2014,PASEC,6,read,78.576775,1.6237392,77.478043,1.9605685,79.63546,1.7523117,.15726675,.15690769,.15765516,.03579608,.03513255,.036505945
BGR,2001,PIRLS,4,read,4.9507022,.89022088,6.6674113,1.1529316,3.3338368,.82866049,.12552668,.10312698,.13750581,.0261664,.018608477,.03022014
BGR,2006,PIRLS,4,read,5.2352786,.95801038,6.751287,1.4136159,3.6847651,.98383307,.11097981,.098986223,.11739749,.021099901,.016384462,.023559522
BGR,2011,PIRLS,4,read,6.9515586,1.0346819,8.1134501,1.3211757,5.758214,1.1347538,.11862063,.117002,.11956557,.023626266,.023706885,.023467487
BGR,2015,TIMSS,4,math,8.0693245,1.4036875,8.5782232,1.5029848,7.540947,1.4377358,.11979578,.11888467,.12054328,.023833748,.023724578,.023916295
BGR,2015,TIMSS,4,science,9.6602497,1.5462788,10.610825,1.656563,8.6733046,1.5613601,.15345061,.15871623,.14937414,.038760066,.041894365,.036324531
BGR,2016,PIRLS,4,read,5.2132845,.89644676,5.9946833,1.0836039,4.4155893,.91922617,.1258695,.11949702,.13064438,.02670848,.024216145,.028581668
BHR,2011,TIMSS,4,math,33.136017,1.358938,36.102718,1.7374743,30.220634,2.1419344,.15866683,.1380481,.17622681,.041754838,.031642005,.050360333
BHR,2011,TIMSS,4,science,29.960955,1.4031,34.743671,2.1079516,25.260956,2.2524827,.19575897,.16716583,.21699491,.064079888,.048107062,.075931288
BHR,2015,TIMSS,4,math,27.580971,.75459969,31.393593,1.1295618,23.781799,.80938208,.14654243,.12538297,.16264738,.036061164,.026929215,.043011211
BHR,2015,TIMSS,4,science,27.540611,.90811568,34.597439,1.1267681,20.4247,1.3096881,.18612844,.15226483,.20594063,.056460079,.041041639,.065477371
BHR,2016,PIRLS,4,read,30.631668,.98524719,40.202724,1.5092248,21.005774,1.3251656,.17651618,.13220257,.1995486,.049848352,.029137664,.060612001
BLZ,2001,PIRLS,4,read,74.782043,1.7576765,78.244598,2.0710907,71.481773,2.1557472,.29921785,.28210923,.31561545,.12350644,.11192094,.13460973
BRA,2006,LLECE,6,read,50.068455,2.5418036,53.803219,2.5651712,46.076412,2.7900939,.1369978,.12692811,.14551672,.028228493,.024284313,.031600937
BRA,2013,LLECE,6,read,46.947468,2.1246393,48.479885,2.6009874,46.273785,2.718329,.11848766,.11155602,.12543209,.02156169,.019020665,.024172937
BWA,2000,SACMEQ,6,read,49.164425,1.4749095,56.657349,1.7596599,41.977085,1.6553879,.11577741,.098256916,.12931013,.019943373,.014847638,.023879286
BWA,2007,SACMEQ,6,read,43.381287,1.8001981,51.312801,2.1272695,35.522545,1.8076525,.12693746,.10937613,.13920732,.02438749,.018924145,.028204652
BWA,2011,PIRLS,6,read,44.298088,1.8335704,51.519245,2.2553372,37.47427,1.9268957,.15824291,.13816929,.1737061,.038171954,.029922837,.044525869
BWA,2011,TIMSS,6,math,40.451683,1.5643973,44.93045,1.9583348,36.23864,1.7187052,.17332965,.15874115,.18583889,.045789789,.039588831,.051103968
BWA,2011,TIMSS,6,science,56.856773,1.7763624,59.099503,2.1224904,54.747108,2.0927551,.31342021,.29318845,.33333942,.14298864,.1289385,.15682143
CAN,2001,PIRLS,4,read,3.0926406,.37246317,4.0687504,.59999943,2.0981908,.30955848,.073505968,.070175521,.075003915,.0096581681,.0087717734,.010063933
CAN,2011,PIRLS,4,read,2.249223,.24820776,2.6927412,.32694203,1.7935097,.31558815,.069490157,.06706991,.0713965,.008471936,.0077462643,.0090203425
CAN,2015,TIMSS,4,math,7.6147079,.8156932,7.0920048,.88968605,8.1537428,.89808011,.096261695,.093694285,.099152096,.016680345,.015978698,.017464513
CAN,2015,TIMSS,4,science,5.2902937,.73528934,5.8126631,.89109612,4.751605,.72419763,.098368764,.094997488,.10113583,.016630426,.015719086,.017377306
CAN,2016,PIRLS,4,read,4.2596102,.44186455,4.766655,.42275438,3.7394226,.69026643,.10227221,.10225271,.10238662,.018333051,.017532496,.018992916
CHL,2006,LLECE,6,read,38.378082,1.6942242,39.026855,1.7867807,36.865036,1.8799086,.11743622,.10917422,.12323646,.021394091,.01892223,.02323721
CHL,2011,TIMSS,4,math,22.530819,1.1781337,21.851391,1.5425469,23.185932,1.4111376,.11893192,.11633239,.12187314,.023134047,.022418059,.023963289
CHL,2011,TIMSS,4,science,15.499735,1.0757316,14.471835,1.2033263,16.490847,1.4112489,.11096439,.10822265,.11426821,.020310109,.019686859,.02105213
CHL,2013,LLECE,6,read,30.258625,1.3063232,33.001137,1.8549571,26.937771,1.4067798,.10762522,.10448512,.1112997,.019003356,.017806074,.020359611
CHL,2015,TIMSS,4,math,21.834099,1.5301539,22.742128,1.6907545,20.883167,1.7912123,.10331382,.10176653,.10471349,.017501961,.016996872,.017951028
CHL,2015,TIMSS,4,science,14.934683,1.169933,15.774846,1.6789583,14.054829,1.3638445,.098959409,.095977597,.10162353,.016044907,.015266391,.016746176
CHL,2016,PIRLS,4,read,12.797934,1.1272485,14.895308,1.313558,10.502249,1.4023873,.10398354,.099547766,.1070139,.018165296,.016342456,.019383788
CIV,2014,PASEC,6,read,77.626785,1.5555022,79.196213,1.7940787,75.768341,2.0104423,.19602422,.19802679,.19441532,.052249517,.053502031,.051240496
CMR,2014,PASEC,6,read,75.911171,1.850337,78.431297,2.0220363,72.914833,2.1565452,.20427157,.19610168,.21066204,.056998197,.053812999,.059488542
COG,2014,PASEC,6,read,82.860397,1.6526347,83.598534,1.9381231,82.115288,1.9923455,.20446008,.19782414,.21091963,.054342479,.051133849,.057465382
COL,2001,PIRLS,4,read,38.857155,2.2092042,41.438911,2.428839,36.324429,2.5581574,.14500111,.14324312,.14658988,.033781599,.032684084,.034767106
COL,2006,LLECE,6,read,51.808834,2.7835374,50.889313,3.1360667,52.607445,2.840189,.12556671,.12528971,.12573157,.024135754,.024118837,.024095576
COL,2007,TIMSS,4,math,69.067848,1.9607726,65.716522,2.1335354,72.475189,2.1219513,.22644863,.23224698,.22017565,.07538154,.078931816,.0715416
COL,2007,TIMSS,4,science,48.652565,2.4360614,46.902466,2.6799462,50.431911,2.5950515,.19932209,.20411061,.19429086,.062026422,.065069459,.058813334
COL,2011,PIRLS,4,read,27.671469,1.9101365,27.32144,2.3198891,28.03303,2.2799928,.12397204,.12132736,.12671974,.024360279,.023587082,.025167473
COL,2013,LLECE,6,read,44.726212,2.3301458,45.863224,2.5155795,43.220036,2.8386304,.11720332,.1121153,.12047871,.021099534,.019856369,.021844784
CRI,2006,LLECE,6,read,28.672039,1.4389473,28.781986,1.7038709,28.723234,1.6409693,.10339833,.098726787,.10236461,.01907203,.017400831,.018344197
CRI,2013,LLECE,6,read,31.704283,1.4710922,32.839745,1.9246956,30.255014,1.7878337,.10114531,.096795931,.10469101,.016157664,.014433882,.017621281
CUB,2006,LLECE,6,read,25.118423,1.7325429,27.900679,1.8781039,22.114069,1.7935988,.11597817,.1084071,.12151588,.02261976,.020419139,.024229361
CYP,2001,PIRLS,4,read,13.243156,1.090377,16.42359,1.7285188,9.8692417,1.0867338,.11465846,.10401925,.12095588,.022775881,.020226894,.024299743
CYP,2003,TIMSS,4,math,10.586166,.67498398,10.381079,.9444046,10.798759,1.0454682,.12053551,.11787715,.12335144,.024357831,.02406458,.024702288
CYP,2003,TIMSS,4,science,14.203816,.84376985,13.778448,.99025518,14.644754,1.1847069,.10664263,.10565249,.1076939,.020410739,.020548662,.020288227
CYP,2015,TIMSS,4,math,7.3704062,.56788665,7.6465845,.83370304,7.0849538,.60470319,.099585265,.095806137,.10302479,.017081222,.015938342,.018125921
CYP,2015,TIMSS,4,science,14.299422,.97925293,14.928842,1.2124311,13.648886,1.1900815,.11428249,.10997876,.11822926,.022563716,.021775939,.02331195
CZE,2001,PIRLS,4,read,2.7299762,.41122153,3.4188688,.58553869,2.0016611,.47992378,.06989029,.070401482,.069596715,.0086921463,.0093790237,.0083229765
CZE,2007,TIMSS,4,math,11.803579,1.0981083,11.774164,1.3874139,11.836231,1.3501325,.10097963,.097431317,.10440774,.017622076,.015468291,.019615946
CZE,2007,TIMSS,4,science,6.9840431,.8040784,7.0513129,.81939697,6.9093647,1.1016068,.097176664,.093447857,.10071226,.016571485,.014924721,.018085526
CZE,2011,PIRLS,4,read,1.7492115,.52261341,2.0508945,.65494835,1.433599,.513933,.066395126,.070655659,.064116128,.0078063528,.0089939432,.0071375035
CZE,2011,TIMSS,4,math,6.8130198,.77075428,6.6422224,1.1736082,6.99473,1.0172029,.093170732,.096648701,.090488978,.016291136,.016916191,.01598106
CZE,2011,TIMSS,4,science,3.4956813,.69423389,3.1730354,.70201933,3.8389504,.96562833,.0902576,.092986941,.087792039,.015425439,.016517553,.014407401
CZE,2015,TIMSS,4,math,3.9297938,.50348359,3.669703,.58743566,4.1967154,.63682699,.078775488,.087270588,.069303751,.010863241,.013056758,.0084255645
CZE,2015,TIMSS,4,science,3.5195827,.55463016,3.3158779,.56616122,3.7286401,.70636302,.082367264,.088562921,.075612344,.011829077,.013971563,.0095149549
CZE,2016,PIRLS,4,read,2.9605269,.50483227,3.8604975,.65036011,2.0282984,.48253885,.10151888,.095297962,.10482999,.018673943,.017681668,.019218698
DEU,2001,PIRLS,4,read,2.9658079,.37882036,3.3596516,.56419307,2.5685549,.44243276,.07448528,.071688645,.076795086,.010159798,.0091939233,.010891474
DEU,2006,PIRLS,4,read,2.5919139,.2625764,2.9349208,.51142031,2.234751,.34206986,.11468406,.103321,.12328701,.022090001,.01753748,.025397014
DEU,2007,TIMSS,4,math,4.0521383,.51094162,3.4668982,.59163702,4.6600876,.67551112,.10910191,.10108158,.1196509,.023538431,.019527318,.028764553
DEU,2007,TIMSS,4,science,5.810338,.6103791,5.2439156,.63834727,6.3987436,.85763633,.12492304,.11522529,.13651384,.029817715,.026822003,.033423796
DEU,2011,PIRLS,4,read,2.3894072,.34824276,2.7957559,.56306565,1.971364,.45972824,.073934644,.080780841,.069019966,.0096208351,.011281683,.008424487
DEU,2011,TIMSS,4,math,2.7480364,.57721359,2.4097562,.56267267,3.0964017,.82968211,.062988974,.06743747,.057418309,.0068002287,.0075338027,.0059073926
DEU,2011,TIMSS,4,science,4.2903662,.65727168,3.8845062,.69966996,4.7083259,.98896784,.083176352,.084414698,.081668772,.012056304,.012896918,.011063016
DEU,2015,TIMSS,4,math,3.6922097,.56661826,3.8428843,.60793751,3.5295963,.87308884,.069098629,.0639911,.073324598,.0087523675,.0074984287,.0097984234
DEU,2015,TIMSS,4,science,3.9718211,.5690437,3.9458156,.66082782,3.9998889,.65276027,.077240981,.075769357,.078896977,.011486534,.010691709,.012313086
DEU,2016,PIRLS,4,read,5.4925561,.91630173,6.5240917,1.3055249,4.4245539,.8908788,.1226086,.13274123,.11627812,.027051875,.030122809,.02517437
DNK,2006,PIRLS,4,read,3.4869134,.44103959,4.2330446,.71050769,2.7873099,.50595999,.081402034,.074096799,.086426876,.011032841,.0096198972,.011976984
DNK,2007,TIMSS,4,math,4.6738505,.76938581,5.1084995,.97083664,4.2581854,.84029752,.08935234,.088994473,.089849524,.014209471,.014652325,.013870113
DNK,2007,TIMSS,4,science,7.0845785,.82864833,7.5095534,1.1729001,6.6781578,1.0942608,.10654233,.10078698,.11305082,.019563068,.01864275,.020788057
DNK,2011,PIRLS,4,read,1.4267802,.21996096,1.6681314,.37661621,1.1899829,.30372426,.062492035,.071349517,.055261035,.0070690061,.0091023603,.0053627929
DNK,2011,TIMSS,4,math,3.4074843,.55431122,3.3784986,.71208882,3.4351468,.61691672,.091369525,.099648878,.08203432,.015832277,.018760437,.012552833
DNK,2011,TIMSS,4,science,4.8393846,.70966876,5.1012635,.91903192,4.5895281,.75614339,.096815184,.10621048,.08811485,.017705247,.020809609,.014827517
DNK,2015,TIMSS,4,math,4.0880919,.64475524,4.0540338,.91920102,4.123044,.80376834,.082407318,.075939916,.088965818,.011539574,.0097264647,.013341086
DNK,2015,TIMSS,4,science,4.2105379,.53701687,4.5400023,.70972496,3.8723886,.72194237,.084982619,.082182571,.087533131,.012295315,.011256826,.013252018
DNK,2016,PIRLS,3,read,11.819988,.87313324,13.790607,1.0748776,9.8819494,1.0576172,.13618927,.11909162,.1486091,.031647861,.023663644,.037444349
DNK,2016,PIRLS,4,read,2.6210546,.40861928,2.8600514,.62710011,2.3911417,.49161655,.083623327,.092148997,.076152489,.012041357,.013575428,.010647288
DOM,2006,LLECE,6,read,89.417336,1.2134923,90.959106,1.2307163,87.78138,1.4226463,.20984936,.19672002,.22009218,.059137374,.052634291,.063956626
DOM,2013,LLECE,6,read,79.381966,1.7831495,80.609627,2.8067536,78.122993,1.5969588,.16482483,.15541057,.17378969,.038162485,.035735313,.040405963
DZA,2007,TIMSS,4,math,59.065132,2.234638,60.053146,2.0998881,58.064732,2.8048759,.20312078,.20117839,.20497164,.063470155,.062697157,.064199403
DZA,2007,TIMSS,4,science,66.52803,2.0792232,68.446373,2.1249931,64.585632,2.593668,.25366512,.24860145,.25840154,.096966431,.094575234,.099208049
ECU,2006,LLECE,6,read,77.639915,1.9769791,79.053574,2.0856388,76.42791,3.2836969,.19663298,.19249278,.20018061,.059537861,.057617344,.060473781
ECU,2013,LLECE,6,read,62.068684,1.8915094,62.174427,1.974133,62.053181,2.3672504,.14530127,.13929358,.15052831,.031329058,.029091662,.033272836
EGY,2016,PIRLS,4,read,69.155106,1.7668108,73.60952,1.9039412,64.601532,1.8867943,.3273429,.28823343,.36091986,.16097125,.12823926,.18907219
ESP,2006,PIRLS,4,read,6.4623952,.83914471,6.6658916,1.0711429,6.254065,.9830122,.097533196,.10266735,.092942923,.017436704,.019217866,.015832953
ESP,2011,PIRLS,4,read,6.1280847,.69463515,7.0787907,1.1746172,5.1544247,.61746079,.079556473,.080252446,.07923907,.010939718,.011221278,.010769773
ESP,2011,TIMSS,4,math,12.708902,1.3040901,11.832404,1.5689495,13.61937,1.4735527,.093664646,.091502562,.096339397,.014858494,.014190389,.015660312
ESP,2011,TIMSS,4,science,8.45294,1.1596133,7.8647556,1.177838,9.0639172,1.3346075,.091457076,.090040147,.092999689,.014138117,.013577922,.014747969
ESP,2015,TIMSS,4,math,7.0198593,.87480474,6.8492889,.99785477,7.1951985,1.1516693,.081890754,.078607388,.085206546,.011898601,.011327463,.012444412
ESP,2015,TIMSS,4,science,5.201417,.68644059,5.4427266,.81427062,4.9533663,.8378588,.088451445,.08702758,.089551754,.01373934,.013135204,.014237944
ESP,2016,PIRLS,4,read,3.431344,.49629551,4.3945255,.87470311,2.4438381,.3892706,.075334378,.064919785,.081212744,.010003167,.0073349015,.011508469
FIN,2011,PIRLS,4,read,.79878569,.2001375,1.084429,.33230689,.50019622,.19822688,.069039688,.059644058,.073943719,.0094634108,.0070139198,.010987041
FIN,2011,TIMSS,4,math,2.0760715,.42004585,2.3910284,.60590887,1.744169,.42810422,.083876744,.076493651,.088931017,.014022419,.011437858,.015883774
FIN,2011,TIMSS,4,science,1.2376726,.31424659,1.3541937,.41498467,1.114881,.379269,.092128277,.094084151,.091660053,.015077486,.01623716,.014392858
FIN,2015,TIMSS,4,math,2.6628017,.41589466,3.3640206,.61687541,1.9076407,.42197314,.081090525,.085652083,.078790225,.012994714,.012925823,.013017541
FIN,2015,TIMSS,4,science,1.4970958,.38992715,1.8927515,.59570509,1.0710001,.28855264,.10319501,.087584108,.11118195,.021139357,.013292201,.025280643
FIN,2016,PIRLS,4,read,1.7100692,.29318789,2.3466051,.52474904,1.0716259,.29770705,.098311961,.10085908,.097680241,.01680286,.015653253,.017563291
FRA,2001,PIRLS,4,read,4.6359596,.64543539,5.8537779,.88398111,3.3413708,.6830135,.083483964,.074219748,.088753387,.011967869,.0094213886,.013402627
FRA,2006,PIRLS,4,read,4.0925798,.42905742,5.0575137,.60058939,3.0663729,.44685853,.073342755,.076696903,.071491621,.009686023,.010528903,.009234421
FRA,2011,PIRLS,4,read,4.7308865,.77723807,4.6420932,.72597766,4.8217831,.97699666,.075099997,.074459314,.07572975,.0092837792,.0092532253,.0092948237
FRA,2015,TIMSS,4,math,12.501186,.98431802,11.904454,1.0300738,13.12533,1.3949523,.094650015,.096363045,.092947632,.01518356,.015547621,.014817527
FRA,2015,TIMSS,4,science,12.192451,1.0387965,12.78767,1.2280244,11.569881,1.3543863,.095655367,.094964273,.096341781,.015614826,.015234415,.015961083
FRA,2016,PIRLS,4,read,6.2845764,.49711183,7.2820187,.69898474,5.2986622,.69623154,.093723387,.093675509,.093812704,.015481822,.015551862,.015436458
GBR,2001,PIRLS,5,read,5.711132,.62711519,7.2862682,.87271053,4.236865,.74345946,.10641293,.10520219,.10727208,.019717395,.018545505,.020463452
GBR,2003,TIMSS,4,math,7.920331,.73761398,8.3449068,.99877614,7.4912548,.90119112,.10990531,.11011443,.10960238,.020584872,.020580092,.020559529
GBR,2003,TIMSS,4,science,5.9597015,.62254953,6.6847086,.89684373,5.2270231,.66374636,.10387041,.10233776,.10494928,.019450061,.019319344,.019537752
GBR,2006,PIRLS,4,read,6.7622004,.59902871,7.717103,.71941817,5.7959261,.68913835,.11021046,.11518795,.10657139,.020435596,.021825574,.019425331
GBR,2007,TIMSS,4,math,6.36726,.59301388,7.1777878,.83383173,5.5227399,.61160582,.110705,.11206957,.10982171,.021264538,.021936089,.020806303
GBR,2007,TIMSS,4,science,5.208272,.55644,6.0914574,.7861076,4.2880535,.51338065,.10635772,.11089937,.10351486,.019819384,.022370107,.018160094
GBR,2011,PIRLS,4,read,3.2437325,.59564435,3.796953,.97221518,2.6816189,.6044113,.08622399,.084197663,.088798434,.013046278,.01268342,.013686175
GBR,2011,PIRLS,5,read,4.6339455,.53728783,6.1062393,.68860549,3.1097651,.64917547,.092357859,.09403003,.091519952,.014096443,.015007838,.013654025
GBR,2011,TIMSS,4,math,4.0750685,.50082046,4.8452616,.86213166,3.284806,.53814906,.11993902,.10327499,.13133767,.025290512,.017438523,.030584734
GBR,2011,TIMSS,4,science,6.1889529,.96495479,6.7634583,.99691617,5.5994692,1.2170453,.10629465,.10017318,.1114395,.018555613,.015834561,.020772487
GBR,2011,TIMSS,5,math,6.6532793,.69909561,7.3664007,.73905832,5.8952212,1.0323105,.10822444,.10832076,.10813016,.020829411,.020946825,.020731444
GBR,2011,TIMSS,5,science,6.8092766,.70172834,7.8809142,.98796439,5.6701126,.89935762,.10664421,.099319234,.11205912,.02004225,.018610954,.021188218
GBR,2015,TIMSS,4,math,4.2443218,.6204645,4.537982,.68192238,3.9607108,.78743219,.082967579,.082221553,.083860897,.012516355,.01229856,.012727966
GBR,2015,TIMSS,4,science,3.1321883,.42720816,3.4817696,.55999255,2.7945817,.51297444,.068093181,.067775361,.068555169,.0088185221,.0090093948,.0086557763
GBR,2016,PIRLS,4,read,3.1756341,.33946967,3.8290858,.48129898,2.5315464,.38482594,.10084737,.10486892,.098211765,.018224634,.020558249,.016678337
GEO,2006,PIRLS,4,read,17.977888,1.3104683,21.12376,1.6429163,14.568299,1.4011302,.10851762,.10084289,.11342702,.019375479,.016950993,.020931311
GEO,2007,TIMSS,4,math,33.171272,1.9856182,34.779751,2.1807234,31.350458,2.2420442,.1502443,.15009978,.15037516,.036638588,.036255311,.036946565
GEO,2007,TIMSS,4,science,41.13419,2.1309404,43.994606,2.3279946,37.896175,2.6196201,.15787637,.14986739,.16401824,.040535185,.037339512,.042983234
GEO,2011,PIRLS,4,read,13.514507,1.3965394,16.62833,1.8377519,10.119456,1.2017524,.10654946,.097586796,.11156309,.019286949,.0162195,.021001155
GEO,2011,TIMSS,4,math,27.561497,1.6763797,29.468065,2.1748691,25.482105,1.5623674,.15550636,.13873816,.168823,.040164277,.0323129,.046393011
GEO,2011,TIMSS,4,science,24.815351,1.629626,27.436054,2.0011513,21.957088,1.6807076,.15420984,.13961837,.16498822,.039725959,.032936465,.044742879
GEO,2015,TIMSS,4,math,22.444117,1.6044514,23.787224,1.9790554,21.022106,1.6370276,.14576541,.14035678,.15028934,.035826396,.033637952,.037658658
GEO,2015,TIMSS,4,science,25.956266,1.705677,27.183891,2.1140785,24.656523,1.820312,.15233631,.14592883,.15785265,.039988812,.036496151,.042977907
GEO,2016,PIRLS,4,read,13.523626,1.1186023,16.703939,1.5544558,10.262484,1.1079484,.12177207,.11641107,.12513974,.025609041,.023223279,.02707928
GRC,2001,PIRLS,4,read,5.4929552,.79732865,7.9868793,1.170063,2.9588342,.78165799,.097709097,.084463336,.10270094,.015844801,.01239346,.017143838
GTM,2006,LLECE,6,read,79.278381,1.2555716,78.503471,1.6055156,79.42202,1.3106089,.18080404,.1809203,.1800587,.047443058,.048492689,.046270967
GTM,2013,LLECE,6,read,63.624409,1.2237771,62.725727,1.6993407,64.502678,1.5770224,.13571273,.13313982,.13843732,.027225466,.026290804,.02820915
HKG,2001,PIRLS,4,read,3.3758163,.57945341,4.9082699,.75971305,1.9502997,.52472961,.084814467,.085694879,.084538862,.012535024,.012763349,.012442579
HKG,2003,TIMSS,4,math,.66483617,.16452169,.89374781,.25530091,.40778518,.19416614,.055820119,.062529348,.053060122,.0053776852,.0059170048,.0051689241
HKG,2003,TIMSS,4,science,1.7436624,.34731057,2.3034096,.54554147,1.1150837,.26708075,.070502996,.051096406,.078764051,.0088692866,.0054281726,.010306542
HKG,2006,PIRLS,4,read,.85384846,.20422356,1.239711,.32898948,.44769645,.18673775,.060124509,.049672097,.064088307,.0062018349,.0043012048,.006914184
HKG,2007,TIMSS,4,math,.35209656,.12221086,.56432486,.21239167,.12845993,.11419583,.058484703,.054517206,.059838414,.0057440195,.0051821568,.0059627034
HKG,2007,TIMSS,4,science,2.0100832,.44967598,2.5168836,.73908144,1.4760435,.38289437,.082116142,.074684262,.086050726,.011295803,.0089746695,.012529839
HKG,2011,PIRLS,4,read,.81492066,.23085384,1.1474907,.40415788,.42148232,.24261542,.060902968,.064717792,.058522735,.0061408659,.0077799791,.0053895209
HKG,2011,TIMSS,4,math,.78421235,.51869822,.99044442,.65486211,.54018497,.39097211,.099071339,.12033075,.089470044,.017031446,.023111572,.01427574
HKG,2011,TIMSS,4,science,4.4680176,1.1965348,4.9677191,1.2873528,3.8767278,1.2207974,.13824858,.1213324,.14953835,.036210287,.028631659,.041276641
HKG,2015,TIMSS,4,math,.22522211,.16069579,.15869737,.12874813,.30409694,.28263846,.039392762,.047192141,.029822767,.0024449811,.0030006834,.0017091299
HKG,2015,TIMSS,4,science,1.9124806,.37958372,1.7026484,.41940165,2.1612942,.59044009,.086725488,.086149454,.087944932,.014017047,.013997646,.014158856
HKG,2016,PIRLS,4,read,1.403904,.33834988,1.9835949,.51649725,.79624653,.42281413,.08747229,.066894442,.096327789,.013517578,.008129607,.015853178
HND,2011,PIRLS,6,read,26.488459,2.3071525,29.584616,2.6048069,23.556482,2.6182482,.12608218,.12627162,.12591895,.026002338,.026738629,.025354439
HND,2011,TIMSS,6,math,50.886734,2.4892027,48.291428,2.5380442,53.337173,2.9660141,.17360641,.17824669,.16821668,.046695508,.048968177,.044055551
HND,2011,TIMSS,6,science,34.583271,2.6925623,33.395542,2.9110322,35.704697,3.0184546,.14928539,.14831544,.15039599,.035899099,.036125086,.035643551
HND,2013,LLECE,6,read,69.443695,1.6344972,71.075272,1.810905,67.247421,2.2422876,.14099249,.13830416,.1396641,.029022042,.028112179,.028119562
HRV,2011,PIRLS,4,read,1.0005653,.24353915,1.4255345,.41676116,.56732893,.2267604,.053862497,.056898452,.052867614,.0050990493,.0052393284,.0050838245
HRV,2011,TIMSS,4,math,9.5108624,.92968297,9.3320131,1.083341,9.692502,1.3101022,.088049538,.086108759,.090060748,.013622412,.013165091,.01411987
HRV,2011,TIMSS,4,science,3.6419868,.53544438,3.8995802,.74877387,3.3803761,.60413247,.073496692,.066891745,.079172865,.0099428724,.0084709572,.011158161
HRV,2015,TIMSS,4,math,6.7512631,.64047021,6.229496,.96726137,7.2977304,.7379697,.081555158,.083791018,.079000898,.01224842,.013490018,.010867664
HRV,2015,TIMSS,4,science,2.2266388,.3421379,2.2818923,.50391352,2.1687686,.46433714,.080562823,.088298768,.074370109,.011666703,.013378683,.010275411
HUN,2001,PIRLS,4,read,2.4528563,.34572628,3.4926951,.5525912,1.4580429,.28870639,.074731387,.059066348,.081525497,.01029826,.0075992295,.011466866
HUN,2003,TIMSS,4,math,5.8348122,.76115674,5.6999922,.79836994,5.9717298,1.0282025,.090486936,.09901429,.081954971,.014632955,.017688682,.011540517
HUN,2003,TIMSS,4,science,5.9711637,.72467506,5.7987452,.72826076,6.1462641,1.0263268,.10190341,.10830912,.095226228,.018660525,.020972846,.016250176
HUN,2006,PIRLS,4,read,2.5682688,.48950776,2.839011,.70301217,2.3008049,.52671492,.080612957,.074164771,.086388461,.012518238,.010391875,.014507714
HUN,2007,TIMSS,4,math,11.770916,1.1656874,11.847502,1.1642185,11.696142,1.4743253,.1393224,.13473159,.14401717,.03304607,.031531062,.034597851
HUN,2007,TIMSS,4,science,6.5848351,.81671226,7.5263557,1.0113838,5.6656418,1.0846078,.13127628,.1332763,.12962516,.029533299,.030366804,.028911902
HUN,2011,PIRLS,4,read,5.3590002,.7047056,6.4678726,.91680002,4.2152643,.79948324,.10617742,.097527288,.11183844,.019247113,.017040893,.020689363
HUN,2011,TIMSS,4,math,10.477614,.97722381,11.205411,1.2296228,9.7240334,1.0364339,.14303584,.13998067,.14566417,.034784175,.034925565,.034688499
HUN,2011,TIMSS,4,science,7.3789778,.93625402,7.8772306,1.0714536,6.8630753,1.1794778,.13487151,.13884117,.13164791,.031457409,.034990881,.028461084
HUN,2015,TIMSS,4,math,8.2474594,.89966041,8.1900835,1.1093507,8.3063011,.9262085,.12694873,.11815495,.13566838,.02900986,.025805816,.03221415
HUN,2015,TIMSS,4,science,5.5841265,.83072686,5.4653525,.94522208,5.7059169,.97065085,.13209359,.1241958,.13994484,.030660221,.027122231,.034098487
HUN,2016,PIRLS,4,read,2.8618932,.43915296,3.4542024,.71214193,2.2550642,.48109725,.073954538,.088641666,.064090222,.010745287,.016168533,.0070577976
IDN,2006,PIRLS,4,read,46.022923,2.1321025,51.083282,2.4346118,40.77092,2.3604429,.1596349,.14694977,.16942835,.040279768,.034593266,.04467256
IDN,2011,PIRLS,4,read,33.772896,2.2101586,38.566917,2.5368099,29.110914,2.1958902,.13505951,.13061379,.13855428,.030162103,.028482864,.031485405
IDN,2015,TIMSS,4,math,49.620022,1.8307766,52.609993,1.8134422,46.367352,2.2199283,.18629958,.18144417,.19024417,.055605471,.053469304,.057340924
IDN,2015,TIMSS,4,science,49.367245,2.0742445,51.778194,2.132005,46.75626,2.5142155,.21861537,.21776445,.21937306,.07473883,.073831111,.075527281
IRL,2011,PIRLS,4,read,3.3127308,.53689253,4.100287,1.040133,2.4999201,.86676896,.082549684,.073582724,.088515081,.012280283,.0097959545,.013912903
IRL,2011,TIMSS,4,math,6.0542402,.63500047,6.9722056,.89994979,5.1165223,.77225912,.10878901,.10634289,.11063614,.020153275,.01901033,.021026721
IRL,2011,TIMSS,4,science,7.8306437,.88250268,8.5828485,1.3400961,7.0622563,1.3954335,.11462207,.10455531,.12347757,.02387766,.020998048,.02638489
IRL,2015,TIMSS,4,math,3.0366063,.31685716,3.0486047,.43075654,3.0232251,.52877808,.085860536,.081445485,.08996743,.012377176,.010957403,.013702643
IRL,2015,TIMSS,4,science,4.4078708,.57977545,4.6144667,.78535557,4.1774511,.62586206,.089009151,.08744131,.090162665,.013722589,.013749343,.013686192
IRL,2016,PIRLS,4,read,2.3149967,.35742602,2.6104808,.53766209,2.0194054,.42859316,.10534622,.090937681,.11729182,.019887138,.014012269,.024602976
IRN,2001,PIRLS,4,read,43.80278,1.9520648,50.817348,2.8275821,37.972225,2.4991329,.17865932,.16895263,.18739599,.048890747,.045072738,.052323472
IRN,2003,TIMSS,4,math,54.517441,2.1715856,55.951244,2.6464632,52.280041,3.5668156,.18452127,.17343062,.19114305,.052611426,.046944719,.055989869
IRN,2003,TIMSS,4,science,42.400223,1.7299132,45.491566,2.1237593,37.576294,2.9850252,.19275284,.17765351,.20076206,.059894301,.051578663,.064303532
IRN,2006,PIRLS,4,read,40.164684,1.5628639,42.381084,2.1872509,37.604343,2.5156198,.18185695,.17386104,.1879669,.052621413,.049091645,.055315603
IRN,2007,TIMSS,4,math,47.309261,1.9797276,51.189526,2.5728524,43.254642,2.7352695,.17171903,.15803431,.18281256,.046046522,.039719325,.051179875
IRN,2007,TIMSS,4,science,34.69677,1.8738942,38.188244,2.4822614,31.04841,2.5043271,.17676318,.16492778,.18597171,.050687335,.044656247,.055380117
IRN,2011,PIRLS,4,read,24.25639,1.1422924,28.119267,1.640697,20.271374,1.6256174,.14691754,.14279673,.14976819,.035524122,.034316968,.036359698
IRN,2011,TIMSS,4,math,35.593422,1.4921812,36.181305,2.1710157,34.987293,2.4615281,.17141725,.1675168,.17512825,.047674924,.046461303,.048833396
IRN,2011,TIMSS,4,science,27.892839,1.5283537,28.29442,2.0479503,27.478796,2.4004996,.18020634,.1790546,.18126528,.053061888,.05326334,.052860808
IRN,2015,TIMSS,4,math,34.828621,1.3230824,37.86961,1.9480857,31.734341,1.9979397,.20105022,.18868154,.21123703,.065328173,.060440492,.06934721
IRN,2015,TIMSS,4,science,38.567787,1.6644629,41.417778,2.2929494,35.626305,2.3114772,.21128073,.20015197,.22053428,.07090269,.065283388,.075580731
IRN,2016,PIRLS,4,read,35.096584,1.5627755,43.569618,1.9007657,25.36459,1.9920684,.22652876,.19910221,.24044979,.082594439,.067822568,.090095401
ISL,2001,PIRLS,4,read,7.864666,.57692158,10.289234,1.0133485,5.3928137,.43234351,.092734247,.084363632,.097073562,.01497109,.012960337,.016016049
ISL,2006,PIRLS,4,read,6.8288565,.75242341,9.1796761,.85112238,4.4687986,.97434556,.078648306,.073287725,.081338264,.010530351,.0091546457,.011218932
ISL,2006,PIRLS,5,read,1.6981602,.69528258,2.2958636,1.0670443,1.0948181,.7475518,.08449626,.13279031,.062839434,.015969906,.034959324,.0074701705
ISR,2001,PIRLS,4,read,13.385272,.96256781,16.060781,1.3175206,10.7575,1.0368346,.14411086,.13189629,.15251991,.03414179,.029769257,.037151031
ISR,2006,PIRLS,4,read,14.513456,1.2177409,16.321606,1.3910264,12.577194,1.4022117,.156708,.15062471,.16120206,.038453534,.036116667,.040182523
ISR,2011,PIRLS,4,read,6.8354964,.82222807,8.1568899,1.0329859,5.5418968,.90817064,.11952044,.10337499,.13055246,.02376527,.018547852,.027326556
ISR,2016,PIRLS,4,read,8.977294,.7596336,11.382568,1.1100333,6.633955,.88173038,.12936753,.11945357,.1354946,.028161388,.023739332,.030893717
ITA,2001,PIRLS,4,read,3.4432828,.56760406,3.5933435,.74322468,3.2799184,.65512413,.08451546,.090971097,.079578362,.012342529,.014142911,.010928225
ITA,2003,TIMSS,4,math,11.126375,1.0626999,11.180669,1.0956215,11.068159,1.2608644,.10842203,.10693731,.10982902,.019861007,.019833727,.019897927
ITA,2003,TIMSS,4,science,9.1937962,.93936706,9.1388521,1.1520715,9.2527208,1.0514134,.11126079,.10904157,.11343516,.021967966,.021176737,.02271763
ITA,2006,PIRLS,4,read,1.8067241,.40960088,2.163589,.56273073,1.4268279,.44618478,.065129496,.058285493,.069376566,.007482091,.006447345,.0081150178
ITA,2007,TIMSS,4,math,8.8620005,1.0320777,7.8126907,1.0436761,9.9589291,1.2073097,.097278722,.094260484,.10099933,.01630589,.014923398,.018006863
ITA,2007,TIMSS,4,science,5.531806,.71229261,5.0229549,.83731043,6.0637474,.79795307,.10000868,.093776666,.10734612,.017606726,.015126014,.020556053
ITA,2011,PIRLS,4,read,2.3352265,.43588075,2.7013302,.55579215,1.9692481,.50480568,.075062655,.077684723,.073387966,.009254057,.0096634058,.0090063829
ITA,2011,TIMSS,4,math,7.2458029,.8027159,6.6832485,.87888485,7.8074694,.9478991,.089445539,.085184306,.094449066,.01482274,.014009608,.015755832
ITA,2011,TIMSS,4,science,5.2920222,.95672381,5.0898132,1.0265107,5.4939151,1.0981904,.096145228,.095778279,.096505634,.016324395,.016562678,.016018966
ITA,2015,TIMSS,4,math,7.4798465,.81553507,6.2222185,.91786098,8.797163,1.0478491,.091439925,.097417511,.083129376,.014622065,.016698861,.011785123
ITA,2015,TIMSS,4,science,5.2100539,.67612416,4.6351376,.83934933,5.8122578,.77523762,.08060126,.083470628,.077239789,.011454283,.012619008,.010083165
ITA,2016,PIRLS,4,read,2.1392047,.40959898,2.968961,.57052594,1.267004,.38389125,.066289186,.06065065,.068956137,.0077869305,.0065688109,.0083626406
JOR,2015,TIMSS,4,math,50.021748,1.2261858,52.848938,1.837743,46.732872,1.5437256,.24185091,.20147546,.27254289,.093519375,.06612657,.11434316
JPN,2003,TIMSS,4,math,2.0015299,.33277673,2.7155995,.42676386,1.2539804,.35094741,.085416302,.073647477,.090383351,.01315892,.010465841,.014293267
JPN,2003,TIMSS,4,science,3.6520302,.37296286,4.2222261,.50286227,3.0551016,.39225641,.093802087,.087211594,.098331727,.016655123,.014832946,.017899167
JPN,2007,TIMSS,4,math,2.1694183,.42780495,2.7352095,.54349399,1.5783429,.47116908,.086461902,.06817624,.096235938,.014895244,.0084092347,.018315963
JPN,2007,TIMSS,4,science,2.7079105,.41244435,3.1091213,.57115209,2.2887766,.53760028,.095987819,.082797647,.10558185,.016254507,.012167793,.019228181
JPN,2011,TIMSS,4,math,.97445846,.19037314,1.2488782,.36674988,.6919682,.235552,.074088708,.067040205,.078594521,.01011875,.00950626,.010615066
JPN,2011,TIMSS,4,science,1.2808323,.23454966,1.5536129,.48395148,1.0000288,.33242762,.073418036,.07002233,.075503655,.0095995637,.0091447262,.0099855904
JPN,2015,TIMSS,4,math,.54149032,.13046156,.74061751,.20768353,.34202933,.18872456,.049442291,.048888117,.050347306,.0041912342,.0041281898,.0043087867
JPN,2015,TIMSS,4,science,1.0091722,.23044138,1.1956751,.35900077,.82235932,.31006247,.074672922,.081435196,.068608023,.0092328051,.011098705,.007834794
KAZ,2007,TIMSS,4,math,5.0108314,1.450737,5.6760788,1.5439062,4.3764472,1.6862319,.093635641,.08739271,.098865315,.01527884,.013157329,.017023958
KAZ,2007,TIMSS,4,science,4.8462811,1.0228112,4.734725,1.3057556,4.9526572,1.0905786,.093512878,.10178311,.084561698,.014442659,.016244628,.012445322
KAZ,2011,TIMSS,4,math,11.96841,1.2172103,12.776434,1.4446126,11.103785,1.3364689,.095887721,.090967625,.099871233,.015114113,.013535462,.016378263
KAZ,2011,TIMSS,4,science,15.613026,1.6141447,16.222418,1.6854156,14.960945,1.7507768,.11160236,.10842107,.11438181,.020854885,.01965373,.021897862
KAZ,2015,TIMSS,4,math,3.529799,.46194893,3.5930514,.67032981,3.4632862,.55743146,.08036647,.086511418,.074774109,.011337865,.013204472,.0096434662
KAZ,2015,TIMSS,4,science,3.7321687,.64532554,4.4139328,.76094735,3.0152023,.7191444,.092250444,.098708183,.088065036,.016071061,.018364035,.014572962
KAZ,2016,PIRLS,4,read,1.9077122,.33820415,2.2635639,.45567513,1.5315652,.38837466,.074090078,.074316733,.073883839,.0096004475,.0091000795,.0099281836
KEN,2000,SACMEQ,6,read,36.80278,2.3835297,37.697338,2.5887208,35.920612,2.5971322,.099539153,.096848026,.10213947,.015747165,.015183241,.01629206
KEN,2007,SACMEQ,6,read,39.432217,2.1020443,39.497627,2.1049325,39.36488,2.5203764,.11699121,.11713427,.11685271,.021596594,.021464907,.021724086
KOR,2011,TIMSS,4,math,.34208298,.12781979,.4001081,.17942826,.27939081,.13852224,.070402689,.040319037,.091564633,.010124483,.004134241,.014201974
KOR,2011,TIMSS,4,science,.60363412,.13210571,.69198608,.22086655,.50817728,.15679504,.066851184,.061958306,.07115683,.0080465041,.0071470402,.0088769337
KOR,2015,TIMSS,4,math,.32701492,.12189718,.27669668,.16848886,.38098097,.17678432,.055758964,.06562335,.040869277,.006179505,.0079647079,.0032194969
KOR,2015,TIMSS,4,science,.30218959,.13440004,.2807498,.1502485,.32518506,.18861687,.052719314,.045351312,.057470258,.0041254014,.0032001548,.0047423202
KWT,2001,PIRLS,4,read,49.409664,1.8946465,59.481926,2.717536,38.540226,2.6113386,.19178924,.15183876,.21578264,.056505743,.036451098,.068551295
KWT,2006,PIRLS,4,read,71.838379,1.2145623,81.098137,1.4260503,62.532413,1.8121457,.30571046,.24554428,.35189959,.13336053,.09099257,.1658905
KWT,2007,TIMSS,4,math,79.123337,1.212414,82.91111,1.6669786,75.567535,1.7659602,.2992821,.25820833,.33916816,.12778823,.099712856,.15505387
KWT,2007,TIMSS,4,science,63.452374,1.342007,73.039978,1.9304478,54.451954,1.7985241,.31228516,.25392032,.35863116,.14497373,.10066755,.18015333
KWT,2011,PIRLS,6,read,41.628845,2.2404096,52.910847,3.354517,32.256271,2.5432324,.21962814,.20388044,.231187,.074241333,.067719854,.079025
KWT,2011,TIMSS,4,math,69.689072,1.2882802,75.27774,1.9219124,64.915482,1.5059996,.27110353,.23980656,.30268663,.10798611,.087515183,.12864338
KWT,2011,TIMSS,4,science,63.337124,1.5098298,71.569855,2.1743891,56.305088,1.9114321,.31966954,.27911553,.35702717,.15177925,.12025117,.18083695
KWT,2015,TIMSS,4,math,66.526413,1.7374903,67.354073,1.973525,65.728218,2.3312905,.26076305,.23963262,.28215715,.10009298,.085061215,.11530987
KWT,2015,TIMSS,4,science,67.28878,1.9830379,70.652283,2.4885263,64.051292,2.543144,.32966986,.30026776,.35734329,.15562262,.13127907,.17853951
KWT,2016,PIRLS,4,read,49.383884,1.8037683,56.024696,2.64869,43.254692,2.3075869,.22860004,.19605905,.25585788,.0831182,.061369918,.10132902
LSO,2000,SACMEQ,6,read,87.320709,1.2272716,89.823952,1.2832179,85.317741,1.4461699,.14638197,.14258039,.15089473,.02717296,.025988087,.028579488
LSO,2007,SACMEQ,6,read,77.952652,1.4793285,79.780228,1.7627432,76.432899,1.6180317,.14052454,.13481584,.14710151,.025993755,.024243277,.028010478
LTU,2001,PIRLS,4,read,1.9896924,.43777817,2.8313935,.66626078,1.203227,.40151292,.072285138,.062726974,.076682702,.010055985,.0070287744,.011456675
LTU,2003,TIMSS,4,math,4.329771,.65506822,4.345715,.74768341,4.3150959,.95138413,.078809254,.076182008,.081569009,.011302462,.010459574,.012201763
LTU,2003,TIMSS,4,science,5.4478288,.70378494,5.7027578,.90913659,5.2132549,1.0389436,.076254539,.077247933,.075743973,.0099720834,.010032157,.010009866
LTU,2006,PIRLS,4,read,1.2951553,.27915913,1.6958475,.50430888,.87378025,.34092695,.041604191,.044076543,.04115741,.0029667874,.0032615366,.0029193086
LTU,2007,TIMSS,4,math,5.6006789,.72981232,6.2002478,.98168522,4.9709501,.84472692,.090578824,.079245672,.099711351,.01513126,.010720427,.018576132
LTU,2007,TIMSS,4,science,4.8798981,.63060451,5.9080243,.88274366,3.8000405,.64570028,.083718941,.073972233,.089913033,.012401317,.009505691,.014256326
LTU,2011,PIRLS,4,read,3.4667075,.35522002,4.3190122,.61853409,2.5444388,.5695231,.077674158,.075233616,.079378851,.010993751,.010088996,.011544148
LTU,2011,TIMSS,4,math,4.3463888,.5844726,4.5387268,.82053149,4.1350422,.65177029,.079484269,.069074452,.08815138,.011512655,.0092111388,.01341565
LTU,2011,TIMSS,4,science,5.3010883,.61199975,5.4351511,.80394584,5.1537752,.75913692,.084164582,.074910954,.091890357,.013010272,.010244232,.015323891
LTU,2015,TIMSS,4,math,3.6950946,.50812227,4.3680248,.80136669,3.022337,.6729731,.082317732,.076757006,.086700745,.011937262,.011082475,.012666358
LTU,2015,TIMSS,4,science,4.3412981,.49429744,5.0089717,.6898151,3.6737919,.72876865,.086194284,.083396517,.088506624,.013162329,.012766401,.013546385
LTU,2016,PIRLS,4,read,2.7349234,.43285629,3.3728957,.69427544,2.1026909,.68637401,.075580411,.070974022,.07728909,.010228286,.0088963816,.010703973
LUX,2006,PIRLS,5,read,1.2278497,.2276836,1.5881062,.35033286,.8546412,.25392842,.057258476,.059532579,.056022525,.0055459188,.0058354852,.0053213853
LVA,2001,PIRLS,4,read,1.4521301,.44109812,1.9383311,.50496131,.92138648,.52160144,.065553032,.054148994,.070157081,.0071491804,.0056560179,.0077603995
LVA,2003,TIMSS,4,math,4.2190256,.69774377,5.2532139,.96693802,3.146112,.77077097,.085062906,.072100691,.092553414,.011857095,.0084725916,.013805781
LVA,2003,TIMSS,4,science,3.698194,.57043123,4.715353,1.0412904,2.6429415,.56879526,.074595414,.069548562,.077768825,.010269628,.0093351454,.010936191
LVA,2006,PIRLS,4,read,1.7862201,.36903706,2.7883768,.57830572,.70770383,.31192404,.077352837,.039721113,.086084694,.010743683,.0036195926,.012376478
LVA,2007,TIMSS,4,math,3.3377767,.51290393,3.894031,.68663722,2.7295589,.6875602,.087498382,.09078142,.085610367,.012528921,.012883237,.012378334
LVA,2007,TIMSS,4,science,2.3415864,.44580746,2.8598785,.68385857,1.7748713,.53234893,.086120307,.085222222,.086612903,.013205635,.011877995,.013840769
LVA,2016,PIRLS,4,read,.80328584,.20798792,.99520087,.35802695,.61944723,.30029923,.064661451,.09056288,.0490034,.008814808,.016879732,.0041836179
MAC,2016,PIRLS,4,read,2.4024129,.33533153,2.5540054,.44279009,2.2451222,.35870278,.087668508,.083781943,.090599552,.014864097,.013493617,.015907185
MAR,2001,PIRLS,4,read,66.631676,3.4199033,69.223274,3.8481944,63.518848,3.3476956,.28592536,.27189338,.29665014,.1164179,.10705642,.1235677
MAR,2003,TIMSS,4,math,70.717995,2.1880283,69.919731,2.5317774,71.561348,2.3939137,.24383275,.24916035,.2386675,.085282385,.089642107,.081051037
MAR,2003,TIMSS,4,science,75.879372,1.6376538,76.900856,1.7492685,74.800186,1.8174443,.36633912,.36959213,.36333746,.19126952,.1938449,.1888918
MAR,2006,PIRLS,4,read,74.257187,1.9973269,76.586273,2.0080023,71.663643,2.4023001,.31392094,.29662219,.32844275,.13796748,.12491766,.14891768
MAR,2007,TIMSS,4,math,73.933884,2.0133142,73.43692,2.3438244,74.445023,2.4743006,.2540639,.25454852,.25360268,.091020457,.090770133,.091278881
MAR,2007,TIMSS,4,science,78.865746,1.8912432,79.782677,2.0640683,77.922668,2.2710311,.37288043,.36228469,.38296667,.19132173,.1805688,.20154817
MAR,2011,PIRLS,4,read,78.987747,1.3474536,82.278435,1.4201779,75.39167,1.6643424,.32269791,.29411933,.34667164,.14078775,.11968154,.15849233
MAR,2011,PIRLS,6,read,38.839661,1.8606156,46.934544,2.084214,29.985565,2.0564125,.16194713,.13545935,.17744802,.041544057,.030328413,.048111629
MAR,2011,TIMSS,4,math,73.98999,1.5087048,74.677399,1.8180171,73.240509,1.6235147,.28014883,.27188611,.28759211,.10877942,.10299273,.1139897
MAR,2011,TIMSS,4,science,84.211029,.955724,84.455681,1.0341569,83.944283,1.1823272,.43708125,.42512923,.44797859,.25113311,.23977876,.26148412
MAR,2015,TIMSS,4,math,59.002239,1.6552732,58.759663,1.8195797,59.265865,1.81563,.21700414,.21251012,.22117436,.070531547,.068389863,.07251893
MAR,2015,TIMSS,4,science,64.774956,1.8293116,65.342316,1.8944912,64.16098,2.2527499,.29640451,.27941021,.31185314,.1263705,.11408781,.13753444
MAR,2016,PIRLS,4,read,63.796082,1.4068362,68.406174,1.6618954,59.01366,1.6290264,.2645435,.24318489,.2823295,.10245415,.089716993,.11306307
MDA,2001,PIRLS,4,read,11.503416,1.2075778,15.65308,1.6404225,7.3763728,1.2655293,.10726722,.095377907,.11291407,.019486561,.015774932,.021253888
MDA,2003,TIMSS,4,math,12.40651,1.5355269,13.474017,1.9311085,11.321604,1.580156,.12741362,.12280171,.13116385,.028274892,.027325435,.029011261
MDA,2003,TIMSS,4,science,13.62918,1.3234515,15.266686,1.6686026,11.964989,1.3545092,.12902184,.12687433,.13079594,.028207084,.02818225,.028286964
MDA,2006,PIRLS,4,read,8.7376595,.85100961,10.456461,1.2136452,6.9926796,1.0335273,.08808504,.085177317,.09010303,.013496997,.012747239,.013999953
MEX,2006,LLECE,6,read,45.855312,1.8459513,48.932289,2.041991,42.603855,2.1054909,.13063879,.12868696,.13070209,.025926881,.025679436,.025618549
MEX,2013,LLECE,6,read,42.489983,1.5684482,45.231964,1.9675387,39.606552,2.0540252,.1212581,.12014519,.12211899,.022366218,.022037998,.022628918
MKD,2001,PIRLS,4,read,33.327972,2.0846486,36.390232,2.1643751,30.13283,2.357841,.19351657,.18568049,.19972672,.056510556,.052608401,.059604652
MKD,2006,PIRLS,4,read,34.237637,1.58099,38.052715,1.9849923,30.202681,1.6461902,.1771508,.17131476,.18153475,.048413794,.045115177,.05089622
MLT,2011,PIRLS,5,read,21.798801,.64708579,24.922562,1.023108,18.501478,.90120918,.1596192,.15082258,.16580054,.04011799,.036489006,.042671338
MLT,2011,TIMSS,5,math,11.87377,.63021129,11.528855,.81723464,12.23641,.92538524,.11159655,.10804784,.11514158,.020780448,.019814648,.021767071
MLT,2011,TIMSS,5,science,29.896618,1.0855101,29.62895,1.2328022,30.17804,1.4137895,.17840375,.17453046,.18223137,.053269222,.051811073,.05471896
MLT,2016,PIRLS,5,read,26.834185,.70075083,31.038612,.93583947,22.299755,1.1382605,.16436604,.15635596,.16971645,.045219004,.041429803,.04775494
MNG,2007,TIMSS,4,math,33.263504,1.9001944,32.939327,2.2399764,33.602947,2.0132408,.15039344,.14683828,.15386517,.036606893,.035061389,.038115099
MNG,2007,TIMSS,4,science,38.06517,2.0360615,39.088326,2.3573925,36.99382,2.1391289,.1700381,.16515699,.17444655,.046321906,.0439022,.048500005
MOZ,2000,SACMEQ,6,read,46.184437,1.9651154,45.360138,2.0932002,47.404583,2.3128781,.092969432,.09065742,.094601773,.016031118,.015510585,.016398627
MOZ,2007,SACMEQ,6,read,68.519226,1.6159711,67.198608,1.7592486,70.090462,1.9375982,.14429358,.14894165,.14021873,.030005971,.031777088,.028453279
MUS,2000,SACMEQ,6,read,46.95686,2.0339081,51.936333,2.3008583,41.589092,2.1524699,.15660673,.14160803,.16774845,.03458678,.029745478,.038183115
MUS,2007,SACMEQ,6,read,33.228378,1.6943505,39.382217,2.040719,26.80822,1.6882414,.14530464,.1313888,.15438446,.030150369,.02619849,.032728899
MWI,2000,SACMEQ,6,read,94.283569,.72390306,92.870094,.96060401,95.82962,.74728161,.17342584,.17567635,.17130272,.036314979,.036872983,.03578857
MWI,2007,SACMEQ,6,read,93.120987,1.0890737,91.359161,1.2785231,94.938576,1.1636722,.16751745,.1724934,.16250522,.034418866,.035557743,.033271678
NAM,2000,SACMEQ,6,read,84.344666,1.1561087,85.111252,1.3124877,83.635605,1.2376314,.17969403,.1766085,.18297201,.038982507,.038121399,.03989733
NAM,2007,SACMEQ,6,read,64.229744,1.4717648,68.350319,1.4579794,60.432659,1.6911169,.12618516,.11964195,.13246328,.022059077,.019944403,.024088081
NER,2014,PASEC,6,read,97.90538,.66377848,97.961372,.65768242,97.832222,.87601048,.33058497,.3367829,.32584882,.1239007,.12786219,.12087325
NIC,2006,LLECE,6,read,73.680458,1.3864772,74.009636,1.5777797,73.47908,1.5758693,.14164691,.14199448,.14150633,.029778795,.029866911,.029734444
NIC,2013,LLECE,6,read,69.312584,1.5390356,73.497017,1.7610384,65.298782,1.8091936,.13955563,.1371911,.14216357,.028454257,.027283419,.029687652
NLD,2001,PIRLS,4,read,.77260137,.2539019,1.1039436,.41038162,.44502616,.22858144,.058289386,.059235141,.059145145,.0057964665,.005618419,.0059864884
NLD,2003,TIMSS,4,math,.91296434,.35936192,.68739057,.33263728,1.1470616,.47940463,.068558022,.066277117,.073479205,.0088608423,.007990662,.010443393
NLD,2003,TIMSS,4,science,1.4218986,.42362729,1.1927783,.5595175,1.6596794,.44923282,.062703073,.070719242,.054924842,.0069285217,.0089433733,.0048643975
NLD,2006,PIRLS,4,read,.55949092,.24510199,.71922541,.44589573,.40531754,.32065347,.034576245,.031513039,.036068145,.0020505311,.0017792414,.0021804243
NLD,2007,TIMSS,4,math,1.9730568,.41451082,1.737529,.56154341,2.2282004,.45135549,.058342185,.058623392,.058024976,.0061527407,.006286032,.0060507604
NLD,2007,TIMSS,4,science,2.5048256,.51987058,2.1615922,.58036268,2.8766572,.77010852,.069490626,.075315364,.064098053,.0090243965,.010440342,.0076749185
NLD,2011,PIRLS,4,read,.44983029,.21959592,.56886077,.2966378,.33485293,.18537189,.030894754,.025701923,.033843834,.0016870248,.0011682978,.0019738285
NLD,2011,TIMSS,4,math,.62716603,.18695343,.58743358,.22690119,.66323876,.30319092,.052701771,.047137804,.060791839,.0046292385,.0040576514,.0054606255
NLD,2011,TIMSS,4,science,1.2469292,.38618064,1.1049986,.37138236,1.3757706,.48375818,.047315184,.040889699,.057458717,.0043069716,.0031808913,.0060109454
NLD,2015,TIMSS,4,math,1.1891425,.25600645,1.213038,.47596973,1.1654317,.2897889,.055971231,.053262215,.059599221,.0056397161,.0049379016,.006714189
NLD,2015,TIMSS,4,science,3.3179164,.59861588,3.8814425,.85505909,2.7587116,.63434148,.063453116,.061662577,.065063126,.0078948252,.0073831636,.008288987
NLD,2016,PIRLS,4,read,1.3098419,.33152875,2.035737,.62327218,.60346723,.30959061,.062853716,.067723908,.063455179,.0065332493,.0074045435,.0066336296
NOR,2001,PIRLS,4,read,11.791497,.93091059,14.431649,1.4107732,9.0002718,1.0486727,.1283675,.12479325,.13056818,.027250502,.025642041,.028224012
NOR,2003,TIMSS,4,math,25.293785,1.2003245,25.238239,1.3593246,25.349676,1.5631815,.13556722,.133781,.13738675,.030835031,.030664653,.031018339
NOR,2003,TIMSS,4,science,21.265507,1.5270388,21.840698,1.7848488,20.686817,1.5312616,.13380346,.1332171,.134407,.030829132,.030618438,.031053072
NOR,2006,PIRLS,4,read,8.1726665,.84048629,10.503263,1.2014825,5.7853403,.77670705,.093714431,.092185296,.094479911,.015081309,.0149302,.015148116
NOR,2006,PIRLS,5,read,2.4483383,.8339898,3.0590713,1.0337847,1.8121362,.99449784,.062110052,.068719953,.059257198,.006485784,.007952746,.0058152857
NOR,2007,TIMSS,4,math,17.066586,1.0733256,16.172636,1.6381111,17.970116,1.4605985,.11442114,.11889298,.10990994,.02236324,.024102578,.020609163
NOR,2007,TIMSS,4,science,15.965587,1.3942171,15.686089,1.3902663,16.248083,1.668299,.11982095,.12452383,.11502505,.025112621,.027411662,.02277484
NOR,2011,PIRLS,4,read,5.1773252,.66342723,6.8483648,1.1072987,3.6239862,.63885361,.070347168,.07047262,.070762865,.0083951028,.0085961465,.0083973724
NOR,2011,TIMSS,4,math,8.899087,.95558351,9.0888205,1.2823175,8.7195158,1.0130035,.087309852,.079976134,.094731741,.012791909,.010772281,.014839347
NOR,2011,TIMSS,4,science,7.5980959,.8328073,7.9314651,.92591244,7.2825789,1.0613266,.084724411,.082563512,.086959131,.012008167,.011255027,.012775818
NOR,2015,TIMSS,4,math,9.9875746,.99971157,10.698467,1.0872444,9.2538776,1.4366719,.09998282,.099227995,.10036839,.017674264,.01681193,.018306244
NOR,2015,TIMSS,4,science,9.6425238,.93069065,10.520065,1.1485184,8.7368374,1.4169713,.092430219,.094395734,.091003686,.01544282,.015933342,.01511377
NOR,2015,TIMSS,5,math,2.1107376,.44955808,2.522999,.62749648,1.6873479,.4006505,.083426386,.075655021,.087888286,.012539133,.011006055,.013381636
NOR,2015,TIMSS,5,science,2.3057401,.57990938,2.6202738,.78500277,1.9827247,.64353716,.065910541,.059466481,.071033105,.007795509,.0066794441,.0087080048
NOR,2016,PIRLS,4,read,5.7878437,.50243133,7.8897476,.75648957,3.6367297,.64109278,.091007307,.07442946,.098466277,.014028683,.0097717056,.015958039
NOR,2016,PIRLS,5,read,1.3905168,.29009971,1.9960165,.42224178,.79067349,.34947047,.071026906,.064878263,.073774397,.0087212604,.0068857064,.0093880463
NZL,2001,PIRLS,4,read,10.016024,1.0238962,12.887627,1.5279438,7.0155501,1.0849674,.1268578,.11878774,.13102867,.027318666,.022783922,.029681239
NZL,2003,TIMSS,4,math,14.497185,.97526151,15.211844,1.1283696,13.78848,1.2552935,.11608744,.11297093,.11899187,.022248598,.020947471,.023444865
NZL,2003,TIMSS,4,science,9.0736389,.77110642,10.027885,1.0549769,8.1273441,.9238798,.12869157,.12167668,.13460736,.029839057,.027061464,.032153692
NZL,2006,PIRLS,5,read,7.9271135,.57785755,10.753769,.92009616,5.0071359,.51471531,.11721079,.10738425,.12163946,.023330929,.01985763,.024880864
NZL,2007,TIMSS,4,math,14.679414,1.010299,16.134512,1.34772,13.197655,1.0664612,.12433764,.11658479,.13063478,.025922414,.023310304,.028051332
NZL,2007,TIMSS,4,science,13.361799,.98004192,15.525145,1.286711,11.1588,.8925612,.12892909,.11919532,.13580525,.028236123,.025112588,.030446557
NZL,2011,PIRLS,5,read,8.3061399,.51592958,10.107899,.8597483,6.4428511,.56753063,.10836742,.10375034,.11127477,.019489158,.01761044,.020657804
NZL,2011,TIMSS,5,math,15.27608,.84510761,15.916973,1.206282,14.610958,1.150872,.12634735,.12065938,.13159035,.026575308,.024673225,.02833065
NZL,2011,TIMSS,5,science,13.750326,.89803451,14.515752,1.2407675,12.95597,1.0835748,.12516336,.12597431,.12446265,.026414791,.026590526,.02624399
NZL,2015,TIMSS,5,math,16.022951,.94242442,17.03112,.92498177,14.985055,1.3122182,.12895989,.12315472,.1339525,.02776002,.025624676,.02959883
NZL,2015,TIMSS,5,science,11.86834,.86834532,13.243616,.900307,10.45252,1.2450433,.12314594,.11768175,.12747148,.024810992,.023175223,.026126424
NZL,2016,PIRLS,5,read,10.02655,.63988322,12.447667,1.0275905,7.6273203,.86362678,.14196204,.13745815,.14491695,.034271073,.032092929,.035680406
OMN,2011,PIRLS,4,read,52.578403,1.2134286,60.941345,1.3275611,43.927486,1.4346215,.21337958,.17918369,.23720078,.069786005,.051411539,.082584865
OMN,2011,TIMSS,4,math,53.924606,1.2109827,58.783661,1.5527251,48.905373,1.4444113,.23070629,.20428199,.25202027,.082093887,.066253752,.094870374
OMN,2011,TIMSS,4,science,54.723309,1.4631759,59.780846,1.389746,49.499046,1.9515386,.28433734,.25092933,.31112289,.12334328,.098997355,.14286257
OMN,2015,TIMSS,4,math,39.516113,1.1192942,44.208652,1.2490994,34.735317,1.3171723,.1850749,.17070384,.19616085,.054110408,.047461819,.059237238
OMN,2015,TIMSS,4,science,38.788361,1.0290585,44.507496,1.2636025,32.961662,1.2164037,.22530612,.20701885,.2386142,.079336375,.069214627,.086701736
OMN,2016,PIRLS,4,read,40.937382,1.2956077,49.983376,1.5235916,31.887466,1.2965378,.21059628,.16742796,.23812233,.070657544,.047012076,.085734613
PAN,2006,LLECE,6,read,69.679802,1.5586888,72.990891,1.7785261,66.111504,1.8539805,.17207718,.16304168,.17715663,.042662621,.038409866,.044440355
PAN,2013,LLECE,6,read,64.085754,1.6683042,67.576653,2.1742365,61.065834,1.907089,.15359372,.14556451,.16117221,.03519851,.033018742,.037500866
PER,2006,LLECE,6,read,67.964722,1.9077368,66.845177,2.2148604,69.119858,2.1740265,.16339694,.16188559,.16510209,.040256944,.039299138,.041345768
PER,2013,LLECE,6,read,53.695007,1.75045,55.109657,1.9716239,52.112099,2.0966685,.14055671,.14863259,.13371564,.029575998,.032877926,.026783722
PHL,2003,TIMSS,4,math,65.963188,2.5725596,68.653992,2.3611615,63.410599,3.0079956,.26135337,.25868678,.26394722,.097323492,.096258484,.098358937
PHL,2003,TIMSS,4,science,66.276909,2.4740973,68.583115,2.3900459,64.089157,2.9367063,.3795954,.37379208,.38531691,.20028718,.19425069,.20623332
POL,2006,PIRLS,4,read,6.9638491,.67758399,8.6466608,.92817128,5.3712845,.81401885,.083846904,.07953424,.08673209,.011470914,.010692179,.011998488
POL,2011,PIRLS,4,read,5.4160891,.49920908,6.709403,.75117868,4.0303946,.60612381,.084719844,.078752629,.088006407,.0124802,.010887203,.013359081
POL,2011,TIMSS,4,math,13.49892,.87912315,13.208735,1.0949026,13.810497,1.1228372,.10895687,.10405403,.11373398,.019841999,.017999787,.021640558
POL,2011,TIMSS,4,science,9.4913301,.80582696,9.8556633,1.0672308,9.1001453,1.0393924,.10747391,.10717228,.10802225,.019621726,.019081995,.020167369
POL,2015,TIMSS,4,math,3.80041,.39587602,4.5436563,.71909887,3.0627608,.54212773,.075289406,.072944485,.076900348,.010040406,.010096272,.010039908
POL,2015,TIMSS,4,science,2.5559425,.37829223,3.3854604,.6327579,1.7326653,.41071609,.082950279,.079927638,.085085034,.012337377,.011517519,.012970585
POL,2016,PIRLS,4,read,1.9925416,.34025422,2.390939,.513807,1.5880048,.47519729,.083211981,.082115076,.084384419,.010867717,.010991315,.010919289
PRT,2011,PIRLS,4,read,2.4062991,.4585357,3.4347951,.76276308,1.3215244,.36648372,.074796468,.067139931,.07783433,.0094838999,.0086729629,.0098117348
PRT,2011,TIMSS,4,math,3.2492161,.59541935,3.3889592,.77696747,3.1039417,.63711566,.080043681,.083364286,.077629015,.010997798,.011913756,.010312096
PRT,2011,TIMSS,4,science,5.491024,.98745412,5.9087696,1.0687243,5.0567331,1.3516192,.088179395,.091576487,.08550711,.013708653,.015162569,.012542388
PRT,2015,TIMSS,4,math,2.8351128,.38569832,2.6349425,.52892715,3.0433416,.52387059,.068676673,.063514359,.074521609,.009089265,.007445835,.010941132
PRT,2015,TIMSS,4,science,3.9954782,.6137622,3.8257062,.68198067,4.172081,.69827551,.070304915,.063799791,.07715112,.0085008964,.0069810776,.010093412
PRT,2016,PIRLS,4,read,2.9927075,.37871283,3.2360017,.51391268,2.7435064,.54905683,.064621873,.055917844,.072188154,.0075384369,.0052264445,.0095074093
PRY,2006,LLECE,6,read,74.168457,1.7122271,75.755051,1.900797,72.656425,1.9060042,.19396231,.18491158,.20028812,.056630664,.050695486,.059906837
PRY,2013,LLECE,6,read,71.276367,1.5328149,73.640213,1.8194526,68.853256,1.9155211,.16465832,.15833676,.17017388,.039956078,.037619106,.041969799
QAT,2006,PIRLS,4,read,67.208633,.65414584,73.917305,.78559887,60.38018,1.161512,.24739373,.2155578,.27294204,.087953113,.068962663,.10318621
QAT,2007,TIMSS,4,math,87.138191,.42752069,88.673836,.66191095,85.677856,.51108581,.31304544,.28832784,.33815199,.13263559,.11443502,.15112241
QAT,2007,TIMSS,4,science,77.161446,.70705396,80.097275,.95902485,74.369598,.78639889,.39060247,.3694692,.41124049,.21369103,.19436644,.23256178
QAT,2011,PIRLS,4,read,40.330402,1.4611497,46.001999,1.783547,34.057201,2.0920837,.19854945,.17626546,.21345799,.059340429,.047880042,.06700667
QAT,2011,TIMSS,4,math,44.582081,1.6045024,47.582401,1.9074341,41.258301,2.2509291,.20627286,.19039948,.21871905,.064878523,.055838227,.071964271
QAT,2011,TIMSS,4,science,49.784809,1.5123104,54.097633,1.8559065,45.007027,2.1538014,.27518818,.25050676,.29377532,.11413793,.096731216,.12722021
QAT,2015,TIMSS,4,math,34.801823,1.4321722,36.398609,2.2933154,33.251064,1.9518505,.16276723,.14940487,.17539035,.041870385,.036334466,.047098778
QAT,2015,TIMSS,4,science,36.058773,1.5061892,41.211044,2.5570436,31.054985,1.7033967,.20788647,.18126933,.22858512,.067457475,.053709835,.078143872
QAT,2016,PIRLS,4,read,33.819866,.83910197,40.443211,1.3968329,27.286226,1.259691,.20477681,.172951,.22658534,.066353478,.049135972,.078152955
ROU,2001,PIRLS,4,read,11.602343,1.3205622,13.873172,1.976043,9.3864622,1.101881,.13304184,.12377407,.13942564,.030956307,.027173312,.033567451
ROU,2006,PIRLS,4,read,16.052502,1.7940004,17.833609,2.0490324,14.129967,1.8352907,.16312876,.16302611,.1632075,.042949162,.04385962,.042271059
ROU,2011,PIRLS,4,read,14.070582,1.4666529,16.065443,1.6778316,11.942905,1.6825544,.13992985,.14559928,.13606183,.032139286,.034507938,.0305037
ROU,2011,TIMSS,4,math,21.345335,1.9412128,21.366245,2.0173409,21.32299,2.3699534,.18126655,.19039178,.17277841,.053840831,.059335075,.048724178
ROU,2011,TIMSS,4,science,15.874517,1.7622094,16.066563,1.956284,15.669269,1.9522173,.19095968,.20057613,.18215524,.058500994,.06459292,.052951466
RUS,2001,PIRLS,4,read,3.8007379,1.224384,4.6186447,1.4239014,2.9559195,1.1244055,.10198849,.111148,.096277021,.020126097,.023048334,.018302206
RUS,2003,TIMSS,4,math,4.8810062,.84828252,4.9471674,.99900198,4.8142314,1.0881983,.084568895,.087802999,.081745856,.012592821,.01396611,.011348862
RUS,2003,TIMSS,4,science,6.7574444,1.0997068,6.6488743,1.0604272,6.8670216,1.4024179,.087358482,.085210241,.089717634,.013764096,.012808927,.014792687
RUS,2006,PIRLS,4,read,1.5606999,.46249819,1.838851,.54332709,1.2908459,.43301791,.070949942,.073144138,.069934011,.0087570436,.0088183573,.0088211941
RUS,2007,TIMSS,4,math,4.9533844,.71973342,5.9854746,1.1674566,3.9201081,.74920559,.096099332,.090281844,.10011133,.015411108,.014430314,.01614322
RUS,2007,TIMSS,4,science,4.2529225,.92920017,5.1230073,1.401666,3.3818364,1.0887903,.094726242,.082874127,.10218246,.01594707,.011629496,.018666416
RUS,2011,PIRLS,4,read,.9506464,.24234441,1.3475835,.36347297,.53569674,.23533942,.061332837,.062673263,.062362265,.0069517121,.0068549193,.0071558356
RUS,2011,TIMSS,4,math,3.1479478,.55092424,3.4600258,.69791365,2.8206527,.5675953,.077613473,.078144871,.077135719,.010744677,.010938693,.010599483
RUS,2011,TIMSS,4,science,2.1162927,.42655122,2.4313688,.57686603,1.7858565,.46956,.073336504,.076771528,.07086774,.0093967747,.010044874,.0089090234
RUS,2015,TIMSS,4,math,1.7481565,.37834409,1.7584026,.42929167,1.7375529,.44791618,.078721143,.079724967,.07766512,.011024748,.010607097,.011428085
RUS,2015,TIMSS,4,science,1.464808,.34099081,1.3446033,.33822724,1.5892744,.41926092,.087107219,.083552577,.091359511,.013823689,.012458509,.015409992
RUS,2016,PIRLS,4,read,.89484453,.24682043,1.1900663,.36912292,.58956742,.23356089,.074148163,.083744511,.070368402,.0096071269,.012580989,.0083002029
SAU,2011,PIRLS,4,read,35.01355,1.8668952,48.939651,3.3552554,22.007769,1.5577672,.17513026,.12229098,.20056003,.04831649,.02540911,.059341416
SAU,2011,TIMSS,4,math,44.903851,1.8222815,50.364201,3.0593109,39.804352,2.1388292,.19004071,.15909497,.2162382,.058542099,.042026453,.072526462
SAU,2011,TIMSS,4,science,37.349552,1.9727539,48.396992,3.3861811,27.032196,2.2213891,.20109001,.1537282,.22939628,.065457053,.039882727,.080740526
SAU,2015,TIMSS,4,math,56.732384,1.711715,66.595322,2.4863367,46.424854,2.3685417,.20110503,.16051485,.22817528,.061441209,.040469285,.075423956
SAU,2015,TIMSS,4,science,51.634037,1.7804796,66.093147,2.5206349,36.523151,2.1860445,.25057179,.17915012,.28832582,.096649036,.052027933,.12024236
SAU,2016,PIRLS,4,read,36.669308,1.7067549,49.392273,2.4858947,22.989124,1.9337021,.18260172,.14109145,.2005772,.052506082,.032831322,.061027557
SEN,2014,PASEC,6,read,65.175743,2.8195693,64.42923,3.4705508,65.84362,2.7794743,.1802523,.18254216,.17764242,.047573496,.048777699,.046199925
SGP,2001,PIRLS,4,read,9.7910404,1.4060644,12.447715,1.7824819,6.9667759,1.167261,.15834618,.15546058,.15989722,.039647751,.038817946,.04008789
SGP,2003,TIMSS,4,math,2.5414348,.62798446,3.1430721,.81248069,1.9142687,.54630697,.092551276,.087614089,.095914714,.014209511,.013229568,.014885765
SGP,2003,TIMSS,4,science,4.5995593,.85635495,5.6197348,1.1004165,3.5360754,.69601631,.12448491,.11565422,.12989536,.026670158,.02338626,.028717393
SGP,2006,PIRLS,4,read,3.3450961,.39725387,4.5206966,.60925758,2.0800114,.33439094,.092456475,.093350977,.092230007,.014083644,.014464915,.0139604
SGP,2007,TIMSS,4,math,1.8288195,.3331781,2.4896562,.49405536,1.1301458,.25194407,.085179798,.076285705,.089377321,.012364478,.0094427848,.013725167
SGP,2007,TIMSS,4,science,3.8215101,.46889353,4.6800671,.59208876,2.9137909,.46959451,.11042857,.093465097,.12037409,.021594515,.015472711,.025174132
SGP,2011,PIRLS,4,read,3.208828,.39473051,4.2601109,.52129698,2.102387,.39901486,.095616825,.083543107,.10140774,.015194609,.011246265,.017067447
SGP,2011,TIMSS,4,math,1.1112809,.21325895,1.3103545,.3155289,.90337992,.21011934,.073576525,.067088112,.077655755,.0093056755,.0074324324,.010547049
SGP,2011,TIMSS,4,science,3.1592488,.38731092,3.4333289,.46213442,2.8730154,.46997386,.10951451,.11054759,.10859168,.020371305,.021726765,.019240437
SGP,2015,TIMSS,4,math,1.3664126,.23358434,1.5448689,.36490685,1.1760533,.26200435,.076109752,.074394725,.077995315,.010011474,.009089225,.010842429
SGP,2015,TIMSS,4,science,2.5259674,.43913558,2.6868939,.52911526,2.354306,.45784283,.097783633,.097472526,.097957253,.015929675,.015427274,.016285382
SGP,2016,PIRLS,4,read,2.7472675,.47231406,3.6153674,.71592605,1.8563092,.35074294,.10140629,.086987965,.10875721,.017710447,.013590129,.019816002
SLV,2006,LLECE,6,read,66.46936,1.8411083,65.940483,2.0417175,66.904106,1.876178,.14682996,.1460586,.14777328,.03179916,.031542711,.032122709
SLV,2007,TIMSS,4,math,77.51487,1.6055249,75.316597,1.9555473,79.810448,1.9931117,.26373905,.266058,.26138374,.098128691,.098852426,.09739159
SLV,2007,TIMSS,4,science,53.002922,1.4656738,49.617481,1.9021392,56.538212,1.9902887,.20132111,.20229606,.20025982,.062879473,.062983118,.062760428
SRB,2011,TIMSS,4,math,9.7276983,.97597557,9.5745983,1.2229147,9.893549,1.2702538,.12685041,.12381802,.12972847,.027058432,.026695624,.027390413
SRB,2011,TIMSS,4,science,8.9212532,1.0406356,9.2887821,1.1109601,8.5231304,1.3505558,.12709731,.12543567,.12833406,.027572621,.027297672,.027728392
SRB,2015,TIMSS,4,math,9.4029846,1.2767698,10.997915,2.1369147,7.7062187,1.1049588,.13149706,.11511709,.14229037,.030651929,.024720818,.03455342
SRB,2015,TIMSS,4,science,7.3700666,1.2607466,8.9653492,2.0981426,5.6729317,.92072535,.13806246,.11547469,.15167344,.033754826,.024506886,.039363112
SVK,2001,PIRLS,4,read,6.0690107,.76832783,7.358593,1.083153,4.7653913,.74022377,.10671538,.10504437,.10795403,.019325089,.019536989,.019209079
SVK,2006,PIRLS,4,read,5.6388798,.85611099,6.2992692,1.0435562,4.9475374,.96847278,.110191,.11316483,.10794923,.021188375,.021731842,.020757668
SVK,2007,TIMSS,4,math,11.899781,1.4827688,11.641407,1.6070108,12.17044,1.5877396,.14612094,.15352999,.13879868,.042527292,.04888859,.036234356
SVK,2007,TIMSS,4,science,7.5263557,1.323114,7.4848232,1.4364169,7.5698671,1.4208633,.16273642,.18182603,.14462453,.05280618,.067971051,.038332175
SVK,2011,PIRLS,4,read,4.2471886,.80139089,4.6637535,.85829413,3.8164854,.94367993,.092747979,.096834354,.090022467,.01409802,.014677634,.013788174
SVK,2011,TIMSS,4,math,9.6158743,1.1942142,9.1616631,1.162851,10.082155,1.4867522,.12656213,.13346496,.11925846,.028637322,.031032952,.026094848
SVK,2011,TIMSS,4,science,5.9357939,.99821103,5.3368988,.86419249,6.5506039,1.257697,.13486673,.14225458,.12619111,.03119703,.033992659,.02791444
SVK,2015,TIMSS,4,math,11.677593,.99534494,10.702795,.98616451,12.713348,1.2283305,.12030304,.12347327,.11677756,.024569144,.025239119,.023825403
SVK,2015,TIMSS,4,science,9.0423765,.80710912,8.5592031,.73890769,9.555769,1.1840111,.13903177,.1418044,.13641687,.03225318,.033404388,.031124366
SVK,2016,PIRLS,4,read,6.5542221,1.0742921,7.2182894,1.1380714,5.8626356,1.2799991,.15421008,.15656264,.15284942,.040054835,.040983919,.039537691
SVN,2001,PIRLS,3,read,8.8555279,.61530179,11.411506,.90478742,6.3082337,.90318674,.09836036,.09568049,.099801525,.016268315,.01570664,.016580168
SVN,2003,TIMSS,4,math,16.460079,.97598433,16.776091,1.454222,16.132498,1.4265405,.11268902,.11083105,.11445268,.020714654,.020423997,.021011634
SVN,2003,TIMSS,4,science,12.870592,.86833853,13.137472,1.2810327,12.593931,1.0871928,.1083255,.11168091,.10527501,.020036362,.02080844,.019350512
SVN,2006,PIRLS,4,read,5.5670381,.53235024,7.3024869,.78440607,3.6989808,.57431269,.086871393,.083135918,.088692434,.012289211,.010876884,.012970948
SVN,2007,TIMSS,4,math,8.428133,.57421583,8.7422256,.81552982,8.1062679,.78952861,.098231055,.094683602,.10149907,.016540745,.015946975,.017103773
SVN,2007,TIMSS,4,science,7.0285201,.56847084,7.3080835,.77871102,6.7420301,.90849417,.10332447,.10308443,.10382371,.018260729,.019136339,.017481018
SVN,2011,PIRLS,4,read,4.5255718,.62078571,5.8041992,.98360926,3.1190336,.52371973,.081498072,.088470846,.078164317,.011973298,.013687312,.011136371
SVN,2011,TIMSS,4,math,5.6838989,.55291599,5.2328944,.83819991,6.1787963,.65330642,.086721696,.088529542,.084935978,.014604934,.016085315,.013043836
SVN,2011,TIMSS,4,science,6.5564275,.6022687,6.5575719,.96564925,6.5551758,.67585069,.10202616,.11106837,.094100811,.020103721,.024140406,.016537104
SVN,2015,TIMSS,4,math,4.7971368,.58459079,5.6917372,.80746311,3.8572252,.63652343,.087596111,.087084554,.08807563,.013786587,.013459065,.014095621
SVN,2015,TIMSS,4,science,3.0774117,.52829391,3.7233591,.68453139,2.3987472,.49673873,.088118918,.095305756,.083855025,.013941331,.015186483,.013217359
SVN,2016,PIRLS,4,read,3.6808968,.53306419,4.7779441,.77452189,2.5654495,.60392869,.079643801,.087908991,.075370736,.010650905,.011799109,.010083957
SWE,2001,PIRLS,3,read,7.487792,.77906501,9.5337982,1.0204641,5.4729342,.97882289,.1099883,.10224871,.11450332,.020302391,.018133685,.02155963
SWE,2001,PIRLS,4,read,1.5469253,.27038312,2.2101462,.43191448,.8495152,.33271316,.074414276,.076772809,.073599167,.0096080946,.0099144904,.0094719315
SWE,2006,PIRLS,4,read,1.8131733,.36606768,2.3116469,.52721274,1.2689471,.3910636,.079346709,.067669481,.084908858,.011063396,.0076357923,.012699343
SWE,2007,TIMSS,4,math,6.8438711,.72878468,6.7495108,.97455692,6.9378433,.74645782,.082404345,.079060912,.085902974,.011827685,.011127007,.012566204
SWE,2007,TIMSS,4,science,5.0173879,.62992537,5.9747639,.8924166,4.0639043,.66370469,.088422097,.085731797,.090482734,.013542704,.013831412,.013449135
SWE,2011,PIRLS,4,read,2.4079859,.30732781,2.823627,.60378397,1.9723296,.43781507,.071888722,.074311532,.069973923,.0090106614,.0099376012,.0083663715
SWE,2011,TIMSS,4,math,6.8255186,.66225201,6.2955084,.71912974,7.3842468,1.0678657,.08198332,.080537878,.083655804,.01184065,.011476964,.012273619
SWE,2011,TIMSS,4,science,4.7457991,.50576478,4.7118545,.47183457,4.7815857,.79580218,.094094858,.094896577,.093295917,.015663162,.015625104,.015668612
SWE,2015,TIMSS,4,math,5.319047,.83516973,5.5016994,1.0051476,5.1332116,.87829334,.082515985,.084114417,.081130929,.011998458,.011878471,.012123678
SWE,2015,TIMSS,4,science,3.9856672,.73150969,4.4366417,.85863799,3.5268188,.78823185,.099147394,.10381002,.095479295,.018494718,.020156413,.017188527
SWE,2016,PIRLS,4,read,1.9255519,.34363535,2.5527179,.51370615,1.2651026,.36623338,.080991007,.074772507,.08439564,.011346782,.010365833,.011903215
SWZ,2000,SACMEQ,6,read,44.581944,2.2468326,46.661007,2.1532092,42.634846,2.703527,.071250081,.064520396,.077815846,.0083918301,.0071377978,.0096153179
SWZ,2007,SACMEQ,6,read,27.789646,1.6776018,30.348831,1.8674694,25.235849,1.7903308,.068759963,.060568854,.07558544,.0084733078,.0068701571,.0098091802
SYC,2000,SACMEQ,6,read,31.918848,1.8306377,43.145592,2.5295138,20.716965,1.7707465,.13592367,.11868297,.1442204,.027802246,.022093548,.030549441
SYC,2007,SACMEQ,6,read,32.227211,1.8182156,44.13839,2.490015,19.809389,2.079459,.15886001,.13321735,.16989894,.034921259,.026354905,.038608994
TCD,2014,PASEC,6,read,97.023239,1.0696503,96.729866,1.1032287,97.576775,1.3827171,.28323478,.30096653,.27376249,.096670702,.10722709,.091030814
TGO,2014,PASEC,6,read,84.205185,1.3431034,85.461624,1.3619097,82.736534,1.8541555,.21273203,.21160027,.21367289,.058744051,.058721181,.058765125
THA,2011,TIMSS,4,math,22.664696,2.1281633,26.596827,2.6159921,18.647755,2.2966459,.12977849,.1153933,.13969645,.027537014,.022102324,.031254396
THA,2011,TIMSS,4,science,21.918606,2.2077727,24.980206,2.7574646,18.790966,2.1822958,.15748362,.1464365,.16558667,.040573347,.035610478,.044198472
TTO,2006,PIRLS,4,read,35.615604,2.049592,41.375118,2.4944012,29.706251,2.2129352,.19165234,.16829556,.20801492,.057395805,.045559529,.065691441
TTO,2011,PIRLS,4,read,22.001648,1.53605,27.55006,1.7828412,16.21542,1.8782613,.13055782,.11708682,.13818097,.027261021,.022525223,.029924329
TTO,2016,PIRLS,4,read,19.664347,1.2081865,24.237139,1.8311368,15.414506,1.4421468,.15402617,.13799703,.16493112,.039564651,.032048739,.044680838
TUN,2003,TIMSS,4,math,72.038239,1.7093325,72.884499,1.804808,71.131607,1.9640465,.26919985,.2638002,.27413166,.10395308,.10069614,.10692441
TUN,2003,TIMSS,4,science,73.376175,1.6566995,73.886284,1.6395941,72.829681,2.0459373,.35401699,.35100719,.35679364,.18189932,.17910202,.18448207
TUN,2007,TIMSS,4,math,71.941406,1.6240053,74.343254,1.6507013,69.246353,1.8670211,.31013638,.2921052,.32510191,.13906597,.12592092,.14997189
TUN,2007,TIMSS,4,science,68.051147,1.6753207,71.467773,1.6589708,64.21743,2.0605681,.3879303,.3564083,.41317621,.21980858,.19182877,.2422162
TUN,2011,TIMSS,4,math,64.865402,1.7977821,66.140984,2.0697432,63.450321,2.1087053,.23717584,.22741283,.24562022,.083912812,.078684136,.088431597
TUN,2011,TIMSS,4,science,65.12294,1.864795,69.198982,1.9464414,60.601131,2.2392099,.30098149,.27873215,.31856415,.13522084,.1194388,.14769222
TUR,2001,PIRLS,4,read,27.686899,1.3932437,31.711977,1.6420183,23.349072,1.6155143,.1431216,.13109486,.15134861,.033708241,.029080089,.036876526
TUR,2011,TIMSS,4,math,22.71096,1.4758977,23.546577,1.5817109,21.811914,1.7592218,.17746338,.1738378,.18061459,.056181591,.054549702,.057601191
TUR,2011,TIMSS,4,science,24.111366,1.4881957,25.099897,1.6560892,23.047806,1.7765423,.17968942,.17369644,.18481691,.056743469,.054228585,.058904953
TUR,2015,TIMSS,4,math,18.620211,1.1351776,19.177055,1.2473887,18.050539,1.317305,.16118416,.15264763,.16904795,.043834761,.040011227,.047355488
TUR,2015,TIMSS,4,science,17.563826,1.2610571,18.368923,1.6016983,16.740173,1.1888881,.16131814,.14807463,.17313312,.043931279,.038004454,.049206179
TZA,2000,SACMEQ,6,read,36.531818,2.3067486,33.922176,2.4984505,38.920277,2.6516821,.11541989,.11640023,.11419096,.021879405,.021933489,.021811606
TZA,2007,SACMEQ,6,read,22.081942,1.519101,18.635691,1.6510308,25.410276,1.7593654,.10953853,.10785925,.11190938,.020070054,.01942181,.020985264
UGA,2000,SACMEQ,6,read,68.818695,2.7847507,70.533096,2.6840365,66.681381,3.7405572,.15090293,.15428266,.14833997,.030479131,.031670988,.029575314
UGA,2007,SACMEQ,6,read,69.471252,1.8054198,67.414604,1.944877,71.470085,1.9197786,.14260578,.14139999,.14392106,.027843274,.027761703,.027932251
UKR,2007,TIMSS,4,math,20.71203,1.1966209,21.345514,1.6098185,20.032537,1.5500822,.13407132,.12494266,.14208204,.030461328,.026763001,.033708327
UKR,2007,TIMSS,4,science,18.296982,1.2976991,20.114595,1.5659266,16.347361,1.5201877,.13238214,.12777312,.13587821,.030079495,.028830336,.031033093
URY,2006,LLECE,6,read,40.873878,1.5453358,45.140965,1.914799,36.714371,1.7334177,.12576683,.11845829,.13087884,.025779944,.02353753,.027135042
URY,2013,LLECE,6,read,41.42992,3.3573308,46.094734,3.741401,37.012177,4.0987716,.12428859,.12008607,.12764986,.023105333,.021280164,.024565142
USA,2001,PIRLS,4,read,6.0137033,.71261132,8.3021402,1.2062554,3.7863612,.70188975,.11854669,.12211793,.11709059,.023379249,.025011595,.022754585
USA,2003,TIMSS,4,math,6.8601012,.48761564,6.8768263,.58089137,6.8432212,.5741331,.083439209,.084411316,.08250086,.011858393,.012208469,.011515634
USA,2003,TIMSS,4,science,5.8293819,.51551276,6.0597181,.67035532,5.5967569,.51057482,.096565351,.094038077,.098883346,.016211493,.015411364,.016936518
USA,2006,PIRLS,4,read,4.0375891,.59420907,5.2212534,.77244908,2.8815627,.58310485,.085726373,.081223667,.088197768,.012861604,.011505703,.013603786
USA,2007,TIMSS,4,math,4.8383594,.45081627,4.8516154,.6599474,4.8255978,.5561074,.082862996,.082559295,.083129734,.011971358,.012028149,.011895972
USA,2007,TIMSS,4,science,5.9635105,.58469462,5.9615192,.58476532,5.9654236,.75839466,.10140923,.095608696,.10752792,.017998151,.015894137,.020208217
USA,2011,PIRLS,4,read,2.4826407,.2566421,3.1000614,.37281439,1.8832505,.25480449,.068587616,.064456195,.071232162,.0084380442,.0073404969,.0091374842
USA,2011,TIMSS,4,math,3.880775,.34534007,3.7232935,.40006772,4.0339947,.47215903,.0833297,.079113156,.087869421,.012113473,.01073193,.013603414
USA,2011,TIMSS,4,science,4.4143257,.41684797,4.3479204,.45966002,4.4789314,.52310562,.09426254,.093834661,.094783612,.015507168,.014997054,.016068483
USA,2015,TIMSS,4,math,5.2475333,.47742707,5.2726803,.5454368,5.2230954,.53895152,.089162298,.086331636,.092005603,.014094201,.013204592,.014984705
USA,2015,TIMSS,4,science,4.6434879,.46396503,4.711926,.54822576,4.5769811,.52436364,.095221654,.089391142,.10117897,.015596909,.014048368,.017167024
USA,2016,PIRLS,4,read,3.9059222,.49997839,4.5872688,.64423883,3.2123566,.58164537,.090280928,.079911865,.097679414,.014357986,.011499817,.016389342
YEM,2003,TIMSS,4,math,85.263924,1.8807232,84.101448,2.4853797,87.032249,2.1040213,.38523185,.38916019,.38256648,.1973891,.20116442,.19482356
YEM,2003,TIMSS,4,science,80.34536,2.0805411,80.312088,2.5576053,80.395973,2.5660424,.51261789,.49508151,.5241729,.34952936,.32984757,.3624891
YEM,2007,TIMSS,4,math,93.671143,.80121595,94.13443,.93271583,93.079765,1.0484591,.47838587,.44900179,.50115162,.28689271,.25790641,.30934873
YEM,2007,TIMSS,4,science,92.199623,1.0533235,93.091461,1.2526989,91.061211,1.245864,.56148237,.53761119,.57976788,.39027104,.36419973,.41024166
YEM,2011,TIMSS,4,math,90.734612,1.0438788,91.072075,1.2305245,90.237213,1.4303855,.43331409,.41524959,.44546437,.24036585,.22433898,.25114176
YEM,2011,TIMSS,4,science,93.501053,.93797034,94.173454,1.1151803,92.509972,1.1665729,.51955396,.48204485,.54455525,.33313981,.29365671,.35945627
YEM,2011,TIMSS,6,math,68.510002,2.1150005,69.323021,2.5376635,67.396538,2.5769465,.25379544,.23965898,.26382226,.095296733,.088326119,.10024136
YEM,2011,TIMSS,6,science,65.403458,2.1752787,67.63443,2.732419,62.348053,2.8266585,.30168793,.28287575,.31434703,.13439202,.12299275,.14205585
ZAF,2000,SACMEQ,6,read,66.099205,3.1780951,71.352867,2.8919821,61.351257,3.587718,.17773651,.17615871,.17923765,.042959038,.041982483,.043888144
ZAF,2006,PIRLS,5,read,77.796249,1.5598943,80.99263,1.5722252,74.821968,1.793015,.38931644,.36093792,.41749173,.19777943,.17304203,.22233732
ZAF,2007,SACMEQ,6,read,63.024189,1.7224829,67.607071,1.7906911,58.582058,1.8191371,.17636926,.1713645,.18084334,.041982908,.040538833,.043273855
ZAF,2011,PIRLS,5,read,43.303757,2.8226709,48.305756,3.4934118,38.056286,2.8443153,.2205582,.20449319,.2326057,.071787134,.063182354,.0782414
ZAF,2015,TIMSS,5,math,61.353401,1.393459,64.100838,1.6735952,58.367905,1.5606135,.22393514,.20801383,.23727962,.07235083,.063673802,.079623602
ZAF,2016,PIRLS,4,read,77.949295,1.5059417,83.785751,1.4696281,71.626122,1.7211434,.30307633,.24991357,.3450281,.13040265,.093185134,.15977138
ZAF,2016,PIRLS,5,read,48.924404,2.5146596,54.991867,2.6292465,42.983532,2.7196932,.19749001,.17128736,.21841145,.059362162,.046054907,.069985934
ZMB,2000,SACMEQ,6,read,82.757141,1.6806231,83.873177,1.931307,81.572563,1.9174185,.19624083,.20024997,.19256729,.048568822,.049078587,.048101734
ZMB,2007,SACMEQ,6,read,87.565964,1.4153329,86.795685,1.4983078,88.376846,1.72483,.18911655,.19331199,.18505862,.044074237,.045670912,.042529892
ZWE,2007,SACMEQ,6,read,57.897732,2.3851306,60.068321,2.6243873,56.220715,2.6018646,.14654744,.1386627,.1560991,.030454958,.027578944,.033938993
