countrycode,year,test,idgrade,subject,nonprof_all,se_nonprof_all,nonprof_ma,se_nonprof_ma,nonprof_fe,se_nonprof_fe
ARE,2011,PIRLS,4,read,36.017685,0.8808257,42.150146,1.4214823,29.855675,1.1456658
ARE,2011,TIMSS,4,math,36.141468,0.97319388,38.809471,1.5059434,33.462761,1.2600484
ARE,2011,TIMSS,4,science,39.358074,1.0403529,43.469112,1.5790539,35.230553,1.4192994
ARE,2015,TIMSS,4,math,31.665915,0.85144204,32.954182,1.3370425,30.250454,1.6114295
ARE,2015,TIMSS,4,science,33.224003,0.93746746,35.835308,1.4489555,30.354858,1.6378882
ARE,2016,PIRLS,4,read,32.428772,1.3028113,38.499516,1.7644614,26.029068,1.6799361
ARG,2001,PIRLS,4,read,40.235104,2.7008476,44.358452,3.0494652,36.24559,2.9624629
ARG,2006,LLECE,6,read,55.296715,0.63825852,57.913132,0.90317416,52.624977,0.90514821
ARG,2013,LLECE,6,read,53.578964,0.94843376,59.282379,1.3507472,49.011475,1.3413248
ARM,2003,TIMSS,4,math,25.028837,1.4846536,27.53191,1.7162535,22.400993,1.5977393
ARM,2003,TIMSS,4,science,34.457951,1.7659854,36.311317,2.0276687,32.512207,1.9867963
ARM,2007,TIMSS,4,math,13.261837,1.1947109,14.053506,1.2131757,12.413817,1.6255416
ARM,2007,TIMSS,4,science,23.421991,1.5546815,26.122242,1.6673526,20.529539,1.9306825
ARM,2011,TIMSS,4,math,28.494602,1.4271125,29.590267,1.5639182,27.277542,1.8726581
ARM,2011,TIMSS,4,science,42.30035,1.8219091,43.347752,2.1434176,41.136909,2.3086748
ARM,2015,TIMSS,4,math,16.116714,1.2635183,17.039865,1.4937094,15.142399,1.4093491
ARM,2015,TIMSS,4,science,29.995728,1.6847034,33.155674,1.7214665,26.660656,2.0458755
AUS,2003,TIMSS,4,math,11.772555,1.3395137,12.09656,1.5736049,11.454969,1.4261994
AUS,2003,TIMSS,4,science,8.2483826,1.126408,9.7264709,1.719678,6.7995906,0.81890726
AUS,2007,TIMSS,4,math,8.5019054,0.97796416,9.4296093,1.3721092,7.6029539,1.0363823
AUS,2007,TIMSS,4,science,6.7127523,0.77513599,7.3173881,0.86517781,6.1268568,0.90491402
AUS,2011,PIRLS,4,read,7.0671978,0.6665988,8.914793,1.0408237,5.1644745,0.5472275
AUS,2011,TIMSS,4,math,9.6564884,0.99564481,9.6899691,1.0347707,9.6221743,1.1815001
AUS,2011,TIMSS,4,science,8.8150616,0.96020073,9.9969025,1.2189156,7.6036215,1.1423976
AUS,2015,TIMSS,4,math,8.6326542,0.82733464,8.3586988,1.0716155,8.9223747,1.0473249
AUS,2015,TIMSS,4,science,6.2963724,0.75868183,6.9386005,0.96729428,5.6172075,0.97439325
AUS,2016,PIRLS,4,read,5.513793,0.5545066,7.2660627,0.80952084,3.7707806,0.49180329
AUT,2006,PIRLS,4,read,2.3767412,0.4234789,3.1361341,0.6013034,1.6007125,0.41669005
AUT,2007,TIMSS,4,math,7.0772591,0.76076084,6.4416828,0.87871188,7.7604713,0.87801218
AUT,2007,TIMSS,4,science,6.5139651,0.61466408,5.8681192,0.72661781,7.2082224,0.81918186
AUT,2011,PIRLS,4,read,2.8958917,0.34855339,3.4892976,0.58483535,2.2705734,0.34008375
AUT,2011,TIMSS,4,math,4.6978116,0.75814056,4.3205681,0.88424748,5.0938845,0.90484035
AUT,2011,TIMSS,4,science,4.0010395,0.58908492,3.6144674,0.70928776,4.4069052,0.73330677
AUT,2016,PIRLS,4,read,2.4142623,0.37913904,2.8882682,0.55914587,1.9100189,0.40631858
AZE,2011,PIRLS,4,read,18.140429,1.5970168,20.126265,1.8544042,15.914053,1.6624036
AZE,2011,TIMSS,4,math,27.715492,1.927603,28.75815,2.0801756,26.550365,2.0992165
AZE,2011,TIMSS,4,science,34.854095,2.0781758,36.072128,2.2712588,33.492996,2.2963567
AZE,2016,PIRLS,4,read,19.213671,1.6500555,21.653826,1.9130487,16.456329,1.7156087
BDI,2014,PASEC,6,read,92.673416,0.78368288,93.777,1.0040926,91.334206,1.0198774
BEL,2003,TIMSS,4,math,0.73761344,0.25692737,0.99488497,0.46899259,0.48084259,0.15899464
BEL,2003,TIMSS,4,science,2.166909,0.3739368,2.6023865,0.61991531,1.7322719,0.33339065
BEL,2006,PIRLS,4,read,3.7632585,0.29862028,4.2494655,0.42297101,3.2743275,0.38977373
BEL,2011,PIRLS,4,read,6.2062502,1.0814266,6.8657875,1.0630602,5.5168924,1.339191
BEL,2011,TIMSS,4,math,0.67988634,0.19328727,0.61045289,0.19436146,0.74855089,0.34084812
BEL,2011,TIMSS,4,science,3.5302162,0.5027169,2.9395044,0.55515134,4.1143475,0.74577326
BEL,2015,TIMSS,4,math,0.97278953,0.29178628,0.74178576,0.278476,1.2027562,0.52138716
BEL,2015,TIMSS,4,science,4.1052103,0.62943709,4.1296124,0.7651512,4.0809212,0.76118332
BEL,2016,PIRLS,4,read,5.0987124,0.44009835,6.4357996,0.56938481,3.7760079,0.46384996
BEN,2014,PASEC,6,read,77.341751,1.9206686,75.128662,2.3338456,79.327499,2.0473688
BFA,2014,PASEC,6,read,78.576775,1.6237392,77.478043,1.9605685,79.63546,1.7523117
BGR,2001,PIRLS,4,read,4.9507022,0.89022088,6.6674113,1.1529316,3.3338368,0.82866049
BGR,2006,PIRLS,4,read,5.2352786,0.95801038,6.751287,1.4136159,3.6847651,0.98383307
BGR,2011,PIRLS,4,read,6.9515586,1.0346819,8.1134501,1.3211757,5.758214,1.1347538
BGR,2015,TIMSS,4,math,8.0693245,1.4036875,8.5782232,1.5029848,7.540947,1.4377358
BGR,2015,TIMSS,4,science,9.6602497,1.5462788,10.610825,1.656563,8.6733046,1.5613601
BGR,2016,PIRLS,4,read,5.2132845,0.89644676,5.9946833,1.0836039,4.4155893,0.91922617
BHR,2011,TIMSS,4,math,33.136017,1.358938,36.102718,1.7374743,30.220634,2.1419344
BHR,2011,TIMSS,4,science,29.960955,1.4031,34.743671,2.1079516,25.260956,2.2524827
BHR,2015,TIMSS,4,math,27.580971,0.75459969,31.393593,1.1295618,23.781799,0.80938208
BHR,2015,TIMSS,4,science,27.540611,0.90811568,34.597439,1.1267681,20.4247,1.3096881
BHR,2016,PIRLS,4,read,30.631668,0.98524719,40.202724,1.5092248,21.005774,1.3251656
BLZ,2001,PIRLS,4,read,74.782043,1.7576765,78.244598,2.0710907,71.481773,2.1557472
BRA,2006,LLECE,6,read,50.068455,0.70710611,53.803219,1.0232215,46.076412,1.0170498
BRA,2013,LLECE,6,read,46.947468,1.0556511,48.479885,1.5640706,46.273785,1.4878898
BWA,2000,SACMEQ,6,read,49.164425,0.86751086,56.657349,1.2277935,41.977085,1.2001461
BWA,2007,SACMEQ,6,read,43.381287,0.796974,51.312801,1.1424818,35.522545,1.0832185
BWA,2011,PIRLS,6,read,44.298088,1.8335704,51.519245,2.2553372,37.47427,1.9268957
BWA,2011,TIMSS,6,math,40.451683,1.5643973,44.93045,1.9583348,36.23864,1.7187052
BWA,2011,TIMSS,6,science,56.856773,1.7763624,59.099503,2.1224904,54.747108,2.0927551
CAN,2001,PIRLS,4,read,3.0926406,0.37246317,4.0687504,0.59999943,2.0981908,0.30955848
CAN,2011,PIRLS,4,read,2.249223,0.24820776,2.6927412,0.32694203,1.7935097,0.31558815
CAN,2015,TIMSS,4,math,7.6147079,0.8156932,7.0920048,0.88968605,8.1537428,0.89808011
CAN,2015,TIMSS,4,science,5.2902937,0.73528934,5.8126631,0.89109612,4.751605,0.72419763
CAN,2016,PIRLS,4,read,4.2596102,0.44186455,4.766655,0.42275438,3.7394226,0.69026643
CHL,2006,LLECE,6,read,38.378082,0.59792173,39.026855,0.86233515,36.865036,0.8670454
CHL,2011,TIMSS,4,math,22.530819,1.1781337,21.851391,1.5425469,23.185932,1.4111376
CHL,2011,TIMSS,4,science,15.499735,1.0757316,14.471835,1.2033263,16.490847,1.4112489
CHL,2013,LLECE,6,read,30.258625,0.78980315,33.001137,1.139773,26.937771,1.1056416
CHL,2015,TIMSS,4,math,21.834099,1.5301539,22.742128,1.6907545,20.883167,1.7912123
CHL,2015,TIMSS,4,science,14.934683,1.169933,15.774846,1.6789583,14.054829,1.3638445
CHL,2016,PIRLS,4,read,12.797934,1.1272485,14.895308,1.313558,10.502249,1.4023873
CIV,2014,PASEC,6,read,77.626785,1.5555022,79.196213,1.7940787,75.768341,2.0104423
CMR,2014,PASEC,6,read,75.911171,1.850337,78.431297,2.0220363,72.914833,2.1565452
COG,2014,PASEC,6,read,82.860397,1.6526347,83.598534,1.9381231,82.115288,1.9923455
COL,2001,PIRLS,4,read,38.857155,2.2092042,41.438911,2.428839,36.324429,2.5581574
COL,2006,LLECE,6,read,51.808834,0.65329254,50.889313,0.93528974,52.607445,0.91606724
COL,2007,TIMSS,4,math,69.067848,1.9607726,65.716522,2.1335354,72.475189,2.1219513
COL,2007,TIMSS,4,science,48.652565,2.4360614,46.902466,2.6799462,50.431911,2.5950515
COL,2011,PIRLS,4,read,27.671469,1.9101365,27.32144,2.3198891,28.03303,2.2799928
COL,2013,LLECE,6,read,44.726212,0.86737502,45.863224,1.2193272,43.220036,1.2372953
CRI,2006,LLECE,6,read,28.672039,0.67131591,28.781986,0.99390817,28.723234,0.99068022
CRI,2013,LLECE,6,read,31.704283,0.9234733,32.839745,1.3035231,30.255014,1.3066099
CUB,2006,LLECE,6,read,25.118423,0.56548512,27.900679,0.81265837,22.114069,0.77958578
CYP,2001,PIRLS,4,read,13.243156,1.090377,16.42359,1.7285188,9.8692417,1.0867338
CYP,2003,TIMSS,4,math,10.586166,0.67498398,10.381079,0.9444046,10.798759,1.0454682
CYP,2003,TIMSS,4,science,14.203816,0.84376985,13.778448,0.99025518,14.644754,1.1847069
CYP,2015,TIMSS,4,math,7.3704062,0.56788665,7.6465845,0.83370304,7.0849538,0.60470319
CYP,2015,TIMSS,4,science,14.299422,0.97925293,14.928842,1.2124311,13.648886,1.1900815
CZE,2001,PIRLS,4,read,2.7299762,0.41122153,3.4188688,0.58553869,2.0016611,0.47992378
CZE,2007,TIMSS,4,math,11.803579,1.0981083,11.774164,1.3874139,11.836231,1.3501325
CZE,2007,TIMSS,4,science,6.9840431,0.8040784,7.0513129,0.81939697,6.9093647,1.1016068
CZE,2011,PIRLS,4,read,1.7492115,0.52261341,2.0508945,0.65494835,1.433599,0.513933
CZE,2011,TIMSS,4,math,6.8130198,0.77075428,6.6422224,1.1736082,6.99473,1.0172029
CZE,2011,TIMSS,4,science,3.4956813,0.69423389,3.1730354,0.70201933,3.8389504,0.96562833
CZE,2015,TIMSS,4,math,3.9297938,0.50348359,3.669703,0.58743566,4.1967154,0.63682699
CZE,2015,TIMSS,4,science,3.5195827,0.55463016,3.3158779,0.56616122,3.7286401,0.70636302
CZE,2016,PIRLS,4,read,2.9605269,0.50483227,3.8604975,0.65036011,2.0282984,0.48253885
DEU,2001,PIRLS,4,read,2.9658079,0.37882036,3.3596516,0.56419307,2.5685549,0.44243276
DEU,2006,PIRLS,4,read,2.5919139,0.2625764,2.9349208,0.51142031,2.234751,0.34206986
DEU,2007,TIMSS,4,math,4.0521383,0.51094162,3.4668982,0.59163702,4.6600876,0.67551112
DEU,2007,TIMSS,4,science,5.810338,0.6103791,5.2439156,0.63834727,6.3987436,0.85763633
DEU,2011,PIRLS,4,read,2.3894072,0.34824276,2.7957559,0.56306565,1.971364,0.45972824
DEU,2011,TIMSS,4,math,2.7480364,0.57721359,2.4097562,0.56267267,3.0964017,0.82968211
DEU,2011,TIMSS,4,science,4.2903662,0.65727168,3.8845062,0.69966996,4.7083259,0.98896784
DEU,2015,TIMSS,4,math,3.6922097,0.56661826,3.8428843,0.60793751,3.5295963,0.87308884
DEU,2015,TIMSS,4,science,3.9718211,0.5690437,3.9458156,0.66082782,3.9998889,0.65276027
DEU,2016,PIRLS,4,read,5.4925561,0.91630173,6.5240917,1.3055249,4.4245539,0.8908788
DNK,2006,PIRLS,4,read,3.4869134,0.44103959,4.2330446,0.71050769,2.7873099,0.50595999
DNK,2007,TIMSS,4,math,4.6738505,0.76938581,5.1084995,0.97083664,4.2581854,0.84029752
DNK,2007,TIMSS,4,science,7.0845785,0.82864833,7.5095534,1.1729001,6.6781578,1.0942608
DNK,2011,PIRLS,4,read,1.4267802,0.21996096,1.6681314,0.37661621,1.1899829,0.30372426
DNK,2011,TIMSS,4,math,3.4074843,0.55431122,3.3784986,0.71208882,3.4351468,0.61691672
DNK,2011,TIMSS,4,science,4.8393846,0.70966876,5.1012635,0.91903192,4.5895281,0.75614339
DNK,2015,TIMSS,4,math,4.0880919,0.64475524,4.0540338,0.91920102,4.123044,0.80376834
DNK,2015,TIMSS,4,science,4.2105379,0.53701687,4.5400023,0.70972496,3.8723886,0.72194237
DNK,2016,PIRLS,3,read,11.819988,0.87313324,13.790607,1.0748776,9.8819494,1.0576172
DNK,2016,PIRLS,4,read,2.6210546,0.40861928,2.8600514,0.62710011,2.3911417,0.49161655
DOM,2006,LLECE,6,read,89.417336,0.46539035,90.959106,0.64609402,87.78138,0.71095091
DOM,2013,LLECE,6,read,79.381966,0.78514934,80.609627,1.0973601,78.122993,1.1235025
DZA,2007,TIMSS,4,math,59.065132,2.234638,60.053146,2.0998881,58.064732,2.8048759
DZA,2007,TIMSS,4,science,66.52803,2.0792232,68.446373,2.1249931,64.585632,2.593668
ECU,2006,LLECE,6,read,77.639915,0.58372343,79.053574,0.81320226,76.42791,0.87278944
ECU,2013,LLECE,6,read,62.068684,0.79087967,62.174427,1.0806098,62.053181,1.162975
EGY,2016,PIRLS,4,read,69.155106,1.7668108,73.60952,1.9039412,64.601532,1.8867943
ESP,2006,PIRLS,4,read,6.4623952,0.83914471,6.6658916,1.0711429,6.254065,0.9830122
ESP,2011,PIRLS,4,read,6.1280847,0.69463515,7.0787907,1.1746172,5.1544247,0.61746079
ESP,2011,TIMSS,4,math,12.708902,1.3040901,11.832404,1.5689495,13.61937,1.4735527
ESP,2011,TIMSS,4,science,8.45294,1.1596133,7.8647556,1.177838,9.0639172,1.3346075
ESP,2015,TIMSS,4,math,7.0198593,0.87480474,6.8492889,0.99785477,7.1951985,1.1516693
ESP,2015,TIMSS,4,science,5.201417,0.68644059,5.4427266,0.81427062,4.9533663,0.8378588
ESP,2016,PIRLS,4,read,3.431344,0.49629551,4.3945255,0.87470311,2.4438381,0.3892706
ESP,2021,PIRLS,4,read,4.76939,0.0051405,4.45235,0.0067716,4.04218,0.0064489
FIN,2011,PIRLS,4,read,0.79878569,0.2001375,1.084429,0.33230689,0.50019622,0.19822688
FIN,2011,TIMSS,4,math,2.0760715,0.42004585,2.3910284,0.60590887,1.744169,0.42810422
FIN,2011,TIMSS,4,science,1.2376726,0.31424659,1.3541937,0.41498467,1.114881,0.379269
FIN,2015,TIMSS,4,math,2.6628017,0.41589466,3.3640206,0.61687541,1.9076407,0.42197314
FIN,2015,TIMSS,4,science,1.4970958,0.38992715,1.8927515,0.59570509,1.0710001,0.28855264
FIN,2016,PIRLS,4,read,1.7100692,0.29318789,2.3466051,0.52474904,1.0716259,0.29770705
FRA,2001,PIRLS,4,read,4.6359596,0.64543539,5.8537779,0.88398111,3.3413708,0.6830135
FRA,2006,PIRLS,4,read,4.0925798,0.42905742,5.0575137,0.60058939,3.0663729,0.44685853
FRA,2011,PIRLS,4,read,4.7308865,0.77723807,4.6420932,0.72597766,4.8217831,0.97699666
FRA,2015,TIMSS,4,math,12.501186,0.98431802,11.904454,1.0300738,13.12533,1.3949523
FRA,2015,TIMSS,4,science,12.192451,1.0387965,12.78767,1.2280244,11.569881,1.3543863
FRA,2016,PIRLS,4,read,6.2845764,0.49711183,7.2820187,0.69898474,5.2986622,0.69623154
GBR,2001,PIRLS,5,read,5.711132,0.62711519,7.2862682,0.87271053,4.236865,0.74345946
GBR,2003,TIMSS,4,math,7.920331,0.73761398,8.3449068,0.99877614,7.4912548,0.90119112
GBR,2003,TIMSS,4,science,5.9597015,0.62254953,6.6847086,0.89684373,5.2270231,0.66374636
GBR,2006,PIRLS,4,read,6.7622004,0.59902871,7.717103,0.71941817,5.7959261,0.68913835
GBR,2007,TIMSS,4,math,6.36726,0.59301388,7.1777878,0.83383173,5.5227399,0.61160582
GBR,2007,TIMSS,4,science,5.208272,0.55644,6.0914574,0.7861076,4.2880535,0.51338065
GBR,2011,PIRLS,4,read,3.2437325,0.59564435,3.796953,0.97221518,2.6816189,0.6044113
GBR,2011,PIRLS,5,read,4.6339455,0.53728783,6.1062393,0.68860549,3.1097651,0.64917547
GBR,2011,TIMSS,4,math,4.0750685,0.50082046,4.8452616,0.86213166,3.284806,0.53814906
GBR,2011,TIMSS,4,science,6.1889529,0.96495479,6.7634583,0.99691617,5.5994692,1.2170453
GBR,2011,TIMSS,5,math,6.6532793,0.69909561,7.3664007,0.73905832,5.8952212,1.0323105
GBR,2011,TIMSS,5,science,6.8092766,0.70172834,7.8809142,0.98796439,5.6701126,0.89935762
GBR,2015,TIMSS,4,math,4.2443218,0.6204645,4.537982,0.68192238,3.9607108,0.78743219
GBR,2015,TIMSS,4,science,3.1321883,0.42720816,3.4817696,0.55999255,2.7945817,0.51297444
GBR,2016,PIRLS,4,read,3.1756341,0.33946967,3.8290858,0.48129898,2.5315464,0.38482594
GBR,2021,PIRLS,4,read,2.96894,0.0042999,3.76661,0.0070101,2.21858,0.004128
GEO,2006,PIRLS,4,read,17.977888,1.3104683,21.12376,1.6429163,14.568299,1.4011302
GEO,2007,TIMSS,4,math,33.171272,1.9856182,34.779751,2.1807234,31.350458,2.2420442
GEO,2007,TIMSS,4,science,41.13419,2.1309404,43.994606,2.3279946,37.896175,2.6196201
GEO,2011,PIRLS,4,read,13.514507,1.3965394,16.62833,1.8377519,10.119456,1.2017524
GEO,2011,TIMSS,4,math,27.561497,1.6763797,29.468065,2.1748691,25.482105,1.5623674
GEO,2011,TIMSS,4,science,24.815351,1.629626,27.436054,2.0011513,21.957088,1.6807076
GEO,2015,TIMSS,4,math,22.444117,1.6044514,23.787224,1.9790554,21.022106,1.6370276
GEO,2015,TIMSS,4,science,25.956266,1.705677,27.183891,2.1140785,24.656523,1.820312
GEO,2016,PIRLS,4,read,13.523626,1.1186023,16.703939,1.5544558,10.262484,1.1079484
GRC,2001,PIRLS,4,read,5.4929552,0.79732865,7.9868793,1.170063,2.9588342,0.78165799
GTM,2006,LLECE,6,read,79.278381,0.5644595,78.503471,0.81478089,79.42202,0.81310683
GTM,2013,LLECE,6,read,63.624409,0.86168498,62.725727,1.2062005,64.502678,1.2322136
HKG,2001,PIRLS,4,read,3.3758163,0.57945341,4.9082699,0.75971305,1.9502997,0.52472961
HKG,2003,TIMSS,4,math,0.66483617,0.16452169,0.89374781,0.25530091,0.40778518,0.19416614
HKG,2003,TIMSS,4,science,1.7436624,0.34731057,2.3034096,0.54554147,1.1150837,0.26708075
HKG,2006,PIRLS,4,read,0.85384846,0.20422356,1.239711,0.32898948,0.44769645,0.18673775
HKG,2007,TIMSS,4,math,0.35209656,0.12221086,0.56432486,0.21239167,0.12845993,0.11419583
HKG,2007,TIMSS,4,science,2.0100832,0.44967598,2.5168836,0.73908144,1.4760435,0.38289437
HKG,2011,PIRLS,4,read,0.81492066,0.23085384,1.1474907,0.40415788,0.42148232,0.24261542
HKG,2011,TIMSS,4,math,0.78421235,0.51869822,0.99044442,0.65486211,0.54018497,0.39097211
HKG,2011,TIMSS,4,science,4.4680176,1.1965348,4.9677191,1.2873528,3.8767278,1.2207974
HKG,2015,TIMSS,4,math,0.22522211,0.16069579,0.15869737,0.12874813,0.30409694,0.28263846
HKG,2015,TIMSS,4,science,1.9124806,0.37958372,1.7026484,0.41940165,2.1612942,0.59044009
HKG,2016,PIRLS,4,read,1.403904,0.33834988,1.9835949,0.51649725,0.79624653,0.42281413
HND,2011,PIRLS,6,read,26.488459,2.3071525,29.584616,2.6048069,23.556482,2.6182482
HND,2011,TIMSS,6,math,50.886734,2.4892027,48.291428,2.5380442,53.337173,2.9660141
HND,2011,TIMSS,6,science,34.583271,2.6925623,33.395542,2.9110322,35.704697,3.0184546
HND,2013,LLECE,6,read,69.443695,0.84256583,71.075272,1.1718796,67.247421,1.2186809
HRV,2011,PIRLS,4,read,1.0005653,0.24353915,1.4255345,0.41676116,0.56732893,0.2267604
HRV,2011,TIMSS,4,math,9.5108624,0.92968297,9.3320131,1.083341,9.692502,1.3101022
HRV,2011,TIMSS,4,science,3.6419868,0.53544438,3.8995802,0.74877387,3.3803761,0.60413247
HRV,2015,TIMSS,4,math,6.7512631,0.64047021,6.229496,0.96726137,7.2977304,0.7379697
HRV,2015,TIMSS,4,science,2.2266388,0.3421379,2.2818923,0.50391352,2.1687686,0.46433714
HUN,2001,PIRLS,4,read,2.4528563,0.34572628,3.4926951,0.5525912,1.4580429,0.28870639
HUN,2003,TIMSS,4,math,5.8348122,0.76115674,5.6999922,0.79836994,5.9717298,1.0282025
HUN,2003,TIMSS,4,science,5.9711637,0.72467506,5.7987452,0.72826076,6.1462641,1.0263268
HUN,2006,PIRLS,4,read,2.5682688,0.48950776,2.839011,0.70301217,2.3008049,0.52671492
HUN,2007,TIMSS,4,math,11.770916,1.1656874,11.847502,1.1642185,11.696142,1.4743253
HUN,2007,TIMSS,4,science,6.5848351,0.81671226,7.5263557,1.0113838,5.6656418,1.0846078
HUN,2011,PIRLS,4,read,5.3590002,0.7047056,6.4678726,0.91680002,4.2152643,0.79948324
HUN,2011,TIMSS,4,math,10.477614,0.97722381,11.205411,1.2296228,9.7240334,1.0364339
HUN,2011,TIMSS,4,science,7.3789778,0.93625402,7.8772306,1.0714536,6.8630753,1.1794778
HUN,2015,TIMSS,4,math,8.2474594,0.89966041,8.1900835,1.1093507,8.3063011,0.9262085
HUN,2015,TIMSS,4,science,5.5841265,0.83072686,5.4653525,0.94522208,5.7059169,0.97065085
HUN,2016,PIRLS,4,read,2.8618932,0.43915296,3.4542024,0.71214193,2.2550642,0.48109725
IDN,2006,PIRLS,4,read,46.022923,2.1321025,51.083282,2.4346118,40.77092,2.3604429
IDN,2011,PIRLS,4,read,33.772896,2.2101586,38.566917,2.5368099,29.110914,2.1958902
IDN,2015,TIMSS,4,math,49.620022,1.8307766,52.609993,1.8134422,46.367352,2.2199283
IDN,2015,TIMSS,4,science,49.367245,2.0742445,51.778194,2.132005,46.75626,2.5142155
IRL,2011,PIRLS,4,read,3.3127308,0.53689253,4.100287,1.040133,2.4999201,0.86676896
IRL,2011,TIMSS,4,math,6.0542402,0.63500047,6.9722056,0.89994979,5.1165223,0.77225912
IRL,2011,TIMSS,4,science,7.8306437,0.88250268,8.5828485,1.3400961,7.0622563,1.3954335
IRL,2015,TIMSS,4,math,3.0366063,0.31685716,3.0486047,0.43075654,3.0232251,0.52877808
IRL,2015,TIMSS,4,science,4.4078708,0.57977545,4.6144667,0.78535557,4.1774511,0.62586206
IRL,2016,PIRLS,4,read,2.3149967,0.35742602,2.6104808,0.53766209,2.0194054,0.42859316
IRN,2001,PIRLS,4,read,43.80278,1.9520648,50.817348,2.8275821,37.972225,2.4991329
IRN,2003,TIMSS,4,math,54.517441,2.1715856,55.951244,2.6464632,52.280041,3.5668156
IRN,2003,TIMSS,4,science,42.400223,1.7299132,45.491566,2.1237593,37.576294,2.9850252
IRN,2006,PIRLS,4,read,40.164684,1.5628639,42.381084,2.1872509,37.604343,2.5156198
IRN,2007,TIMSS,4,math,47.309261,1.9797276,51.189526,2.5728524,43.254642,2.7352695
IRN,2007,TIMSS,4,science,34.69677,1.8738942,38.188244,2.4822614,31.04841,2.5043271
IRN,2011,PIRLS,4,read,24.25639,1.1422924,28.119267,1.640697,20.271374,1.6256174
IRN,2011,TIMSS,4,math,35.593422,1.4921812,36.181305,2.1710157,34.987293,2.4615281
IRN,2011,TIMSS,4,science,27.892839,1.5283537,28.29442,2.0479503,27.478796,2.4004996
IRN,2015,TIMSS,4,math,34.828621,1.3230824,37.86961,1.9480857,31.734341,1.9979397
IRN,2015,TIMSS,4,science,38.567787,1.6644629,41.417778,2.2929494,35.626305,2.3114772
IRN,2016,PIRLS,4,read,35.096584,1.5627755,43.569618,1.9007657,25.36459,1.9920684
ISL,2001,PIRLS,4,read,7.864666,0.57692158,10.289234,1.0133485,5.3928137,0.43234351
ISL,2006,PIRLS,4,read,6.8288565,0.75242341,9.1796761,0.85112238,4.4687986,0.97434556
ISL,2006,PIRLS,5,read,1.6981602,0.69528258,2.2958636,1.0670443,1.0948181,0.7475518
ISR,2001,PIRLS,4,read,13.385272,0.96256781,16.060781,1.3175206,10.7575,1.0368346
ISR,2006,PIRLS,4,read,14.513456,1.2177409,16.321606,1.3910264,12.577194,1.4022117
ISR,2011,PIRLS,4,read,6.8354964,0.82222807,8.1568899,1.0329859,5.5418968,0.90817064
ISR,2016,PIRLS,4,read,8.977294,0.7596336,11.382568,1.1100333,6.633955,0.88173038
ITA,2001,PIRLS,4,read,3.4432828,0.56760406,3.5933435,0.74322468,3.2799184,0.65512413
ITA,2003,TIMSS,4,math,11.126375,1.0626999,11.180669,1.0956215,11.068159,1.2608644
ITA,2003,TIMSS,4,science,9.1937962,0.93936706,9.1388521,1.1520715,9.2527208,1.0514134
ITA,2006,PIRLS,4,read,1.8067241,0.40960088,2.163589,0.56273073,1.4268279,0.44618478
ITA,2007,TIMSS,4,math,8.8620005,1.0320777,7.8126907,1.0436761,9.9589291,1.2073097
ITA,2007,TIMSS,4,science,5.531806,0.71229261,5.0229549,0.83731043,6.0637474,0.79795307
ITA,2011,PIRLS,4,read,2.3352265,0.43588075,2.7013302,0.55579215,1.9692481,0.50480568
ITA,2011,TIMSS,4,math,7.2458029,0.8027159,6.6832485,0.87888485,7.8074694,0.9478991
ITA,2011,TIMSS,4,science,5.2920222,0.95672381,5.0898132,1.0265107,5.4939151,1.0981904
ITA,2015,TIMSS,4,math,7.4798465,0.81553507,6.2222185,0.91786098,8.797163,1.0478491
ITA,2015,TIMSS,4,science,5.2100539,0.67612416,4.6351376,0.83934933,5.8122578,0.77523762
ITA,2016,PIRLS,4,read,2.1392047,0.40959898,2.968961,0.57052594,1.267004,0.38389125
ITA,2021,PIRLS,4,read,2.81734,0.0037254,3.05916,0.0052108,2.57037,0.0039781
JOR,2015,TIMSS,4,math,50.021748,1.2261858,52.848938,1.837743,46.732872,1.5437256
JPN,2003,TIMSS,4,math,2.0015299,0.33277673,2.7155995,0.42676386,1.2539804,0.35094741
JPN,2003,TIMSS,4,science,3.6520302,0.37296286,4.2222261,0.50286227,3.0551016,0.39225641
JPN,2007,TIMSS,4,math,2.1694183,0.42780495,2.7352095,0.54349399,1.5783429,0.47116908
JPN,2007,TIMSS,4,science,2.7079105,0.41244435,3.1091213,0.57115209,2.2887766,0.53760028
JPN,2011,TIMSS,4,math,0.97445846,0.19037314,1.2488782,0.36674988,0.6919682,0.235552
JPN,2011,TIMSS,4,science,1.2808323,0.23454966,1.5536129,0.48395148,1.0000288,0.33242762
JPN,2015,TIMSS,4,math,0.54149032,0.13046156,0.74061751,0.20768353,0.34202933,0.18872456
JPN,2015,TIMSS,4,science,1.0091722,0.23044138,1.1956751,0.35900077,0.82235932,0.31006247
KAZ,2007,TIMSS,4,math,5.0108314,1.450737,5.6760788,1.5439062,4.3764472,1.6862319
KAZ,2007,TIMSS,4,science,4.8462811,1.0228112,4.734725,1.3057556,4.9526572,1.0905786
KAZ,2011,TIMSS,4,math,11.96841,1.2172103,12.776434,1.4446126,11.103785,1.3364689
KAZ,2011,TIMSS,4,science,15.613026,1.6141447,16.222418,1.6854156,14.960945,1.7507768
KAZ,2015,TIMSS,4,math,3.529799,0.46194893,3.5930514,0.67032981,3.4632862,0.55743146
KAZ,2015,TIMSS,4,science,3.7321687,0.64532554,4.4139328,0.76094735,3.0152023,0.7191444
KAZ,2016,PIRLS,4,read,1.9077122,0.33820415,2.2635639,0.45567513,1.5315652,0.38837466
KEN,2000,SACMEQ,6,read,36.80278,0.83977699,37.697338,1.1774757,35.920612,1.1982965
KEN,2007,SACMEQ,6,read,39.432217,0.73383701,39.497627,1.0199789,39.36488,1.0568523
KOR,2011,TIMSS,4,math,0.34208298,0.12781979,0.4001081,0.17942826,0.27939081,0.13852224
KOR,2011,TIMSS,4,science,0.60363412,0.13210571,0.69198608,0.22086655,0.50817728,0.15679504
KOR,2015,TIMSS,4,math,0.32701492,0.12189718,0.27669668,0.16848886,0.38098097,0.17678432
KOR,2015,TIMSS,4,science,0.30218959,0.13440004,0.2807498,0.1502485,0.32518506,0.18861687
KWT,2001,PIRLS,4,read,49.409664,1.8946465,59.481926,2.717536,38.540226,2.6113386
KWT,2006,PIRLS,4,read,71.838379,1.2145623,81.098137,1.4260503,62.532413,1.8121457
KWT,2007,TIMSS,4,math,79.123337,1.212414,82.91111,1.6669786,75.567535,1.7659602
KWT,2007,TIMSS,4,science,63.452374,1.342007,73.039978,1.9304478,54.451954,1.7985241
KWT,2011,PIRLS,6,read,41.628845,2.2404096,52.910847,3.354517,32.256271,2.5432324
KWT,2011,TIMSS,4,math,69.689072,1.2882802,75.27774,1.9219124,64.915482,1.5059996
KWT,2011,TIMSS,4,science,63.337124,1.5098298,71.569855,2.1743891,56.305088,1.9114321
KWT,2015,TIMSS,4,math,66.526413,1.7374903,67.354073,1.973525,65.728218,2.3312905
KWT,2015,TIMSS,4,science,67.28878,1.9830379,70.652283,2.4885263,64.051292,2.543144
KWT,2016,PIRLS,4,read,49.383884,1.8037683,56.024696,2.64869,43.254692,2.3075869
LSO,2000,SACMEQ,6,read,87.320709,0.59248215,89.823952,0.81473923,85.317741,0.83983636
LSO,2007,SACMEQ,6,read,77.952652,0.63673973,79.780228,0.9360711,76.432899,0.86688048
LTU,2001,PIRLS,4,read,1.9896924,0.43777817,2.8313935,0.66626078,1.203227,0.40151292
LTU,2003,TIMSS,4,math,4.329771,0.65506822,4.345715,0.74768341,4.3150959,0.95138413
LTU,2003,TIMSS,4,science,5.4478288,0.70378494,5.7027578,0.90913659,5.2132549,1.0389436
LTU,2006,PIRLS,4,read,1.2951553,0.27915913,1.6958475,0.50430888,0.87378025,0.34092695
LTU,2007,TIMSS,4,math,5.6006789,0.72981232,6.2002478,0.98168522,4.9709501,0.84472692
LTU,2007,TIMSS,4,science,4.8798981,0.63060451,5.9080243,0.88274366,3.8000405,0.64570028
LTU,2011,PIRLS,4,read,3.4667075,0.35522002,4.3190122,0.61853409,2.5444388,0.5695231
LTU,2011,TIMSS,4,math,4.3463888,0.5844726,4.5387268,0.82053149,4.1350422,0.65177029
LTU,2011,TIMSS,4,science,5.3010883,0.61199975,5.4351511,0.80394584,5.1537752,0.75913692
LTU,2015,TIMSS,4,math,3.6950946,0.50812227,4.3680248,0.80136669,3.022337,0.6729731
LTU,2015,TIMSS,4,science,4.3412981,0.49429744,5.0089717,0.6898151,3.6737919,0.72876865
LTU,2016,PIRLS,4,read,2.7349234,0.43285629,3.3728957,0.69427544,2.1026909,0.68637401
LUX,2006,PIRLS,5,read,1.2278497,0.2276836,1.5881062,0.35033286,0.8546412,0.25392842
LVA,2001,PIRLS,4,read,1.4521301,0.44109812,1.9383311,0.50496131,0.92138648,0.52160144
LVA,2003,TIMSS,4,math,4.2190256,0.69774377,5.2532139,0.96693802,3.146112,0.77077097
LVA,2003,TIMSS,4,science,3.698194,0.57043123,4.715353,1.0412904,2.6429415,0.56879526
LVA,2006,PIRLS,4,read,1.7862201,0.36903706,2.7883768,0.57830572,0.70770383,0.31192404
LVA,2007,TIMSS,4,math,3.3377767,0.51290393,3.894031,0.68663722,2.7295589,0.6875602
LVA,2007,TIMSS,4,science,2.3415864,0.44580746,2.8598785,0.68385857,1.7748713,0.53234893
LVA,2016,PIRLS,4,read,0.80328584,0.20798792,0.99520087,0.35802695,0.61944723,0.30029923
MAC,2016,PIRLS,4,read,2.4024129,0.33533153,2.5540054,0.44279009,2.2451222,0.35870278
MAR,2001,PIRLS,4,read,66.631676,3.4199033,69.223274,3.8481944,63.518848,3.3476956
MAR,2003,TIMSS,4,math,70.717995,2.1880283,69.919731,2.5317774,71.561348,2.3939137
MAR,2003,TIMSS,4,science,75.879372,1.6376538,76.900856,1.7492685,74.800186,1.8174443
MAR,2006,PIRLS,4,read,74.257187,1.9973269,76.586273,2.0080023,71.663643,2.4023001
MAR,2007,TIMSS,4,math,73.933884,2.0133142,73.43692,2.3438244,74.445023,2.4743006
MAR,2007,TIMSS,4,science,78.865746,1.8912432,79.782677,2.0640683,77.922668,2.2710311
MAR,2011,PIRLS,4,read,78.987747,1.3474536,82.278435,1.4201779,75.39167,1.6643424
MAR,2011,PIRLS,6,read,38.839661,1.8606156,46.934544,2.084214,29.985565,2.0564125
MAR,2011,TIMSS,4,math,73.98999,1.5087048,74.677399,1.8180171,73.240509,1.6235147
MAR,2011,TIMSS,4,science,84.211029,0.955724,84.455681,1.0341569,83.944283,1.1823272
MAR,2015,TIMSS,4,math,59.002239,1.6552732,58.759663,1.8195797,59.265865,1.81563
MAR,2015,TIMSS,4,science,64.774956,1.8293116,65.342316,1.8944912,64.16098,2.2527499
MAR,2016,PIRLS,4,read,63.796082,1.4068362,68.406174,1.6618954,59.01366,1.6290264
MDA,2001,PIRLS,4,read,11.503416,1.2075778,15.65308,1.6404225,7.3763728,1.2655293
MDA,2003,TIMSS,4,math,12.40651,1.5355269,13.474017,1.9311085,11.321604,1.580156
MDA,2003,TIMSS,4,science,13.62918,1.3234515,15.266686,1.6686026,11.964989,1.3545092
MDA,2006,PIRLS,4,read,8.7376595,0.85100961,10.456461,1.2136452,6.9926796,1.0335273
MEX,2006,LLECE,6,read,45.855312,0.72511977,48.932289,1.0394011,42.603855,1.0308785
MEX,2013,LLECE,6,read,42.489983,0.97604841,45.231964,1.3704523,39.606552,1.3872122
MKD,2001,PIRLS,4,read,33.327972,2.0846486,36.390232,2.1643751,30.13283,2.357841
MKD,2006,PIRLS,4,read,34.237637,1.58099,38.052715,1.9849923,30.202681,1.6461902
MLT,2011,PIRLS,5,read,21.798801,0.64708579,24.922562,1.023108,18.501478,0.90120918
MLT,2011,TIMSS,5,math,11.87377,0.63021129,11.528855,0.81723464,12.23641,0.92538524
MLT,2011,TIMSS,5,science,29.896618,1.0855101,29.62895,1.2328022,30.17804,1.4137895
MLT,2016,PIRLS,5,read,26.834185,0.70075083,31.038612,0.93583947,22.299755,1.1382605
MNG,2007,TIMSS,4,math,33.263504,1.9001944,32.939327,2.2399764,33.602947,2.0132408
MNG,2007,TIMSS,4,science,38.06517,2.0360615,39.088326,2.3573925,36.99382,2.1391289
MOZ,2000,SACMEQ,6,read,46.184437,0.88462967,45.360138,1.1239383,47.404583,1.4336849
MOZ,2007,SACMEQ,6,read,68.519226,0.80135304,67.198608,1.1131105,70.090462,1.1522408
MUS,2000,SACMEQ,6,read,46.95686,0.91980386,51.936333,1.2785702,41.589092,1.3098003
MUS,2007,SACMEQ,6,read,33.228378,0.79358637,39.382217,1.1519524,26.80822,1.0671427
MWI,2000,SACMEQ,6,read,94.283569,0.48074648,92.870094,0.73701769,95.82962,0.59949458
MWI,2007,SACMEQ,6,read,93.120987,0.48002577,91.359161,0.74665922,94.938576,0.59375834
NAM,2000,SACMEQ,6,read,84.344666,0.51149726,85.111252,0.71757424,83.635605,0.72763789
NAM,2007,SACMEQ,6,read,64.229744,0.59929544,68.350319,0.83820468,60.432659,0.84904665
NER,2014,PASEC,6,read,97.90538,0.66377848,97.961372,0.65768242,97.832222,0.87601048
NIC,2006,LLECE,6,read,73.680458,0.56258917,74.009636,0.8372559,73.47908,0.79478306
NIC,2013,LLECE,6,read,69.312584,0.88724494,73.497017,1.2365097,65.298782,1.2636701
NLD,2001,PIRLS,4,read,0.77260137,0.2539019,1.1039436,0.41038162,0.44502616,0.22858144
NLD,2003,TIMSS,4,math,0.91296434,0.35936192,0.68739057,0.33263728,1.1470616,0.47940463
NLD,2003,TIMSS,4,science,1.4218986,0.42362729,1.1927783,0.5595175,1.6596794,0.44923282
NLD,2006,PIRLS,4,read,0.55949092,0.24510199,0.71922541,0.44589573,0.40531754,0.32065347
NLD,2007,TIMSS,4,math,1.9730568,0.41451082,1.737529,0.56154341,2.2282004,0.45135549
NLD,2007,TIMSS,4,science,2.5048256,0.51987058,2.1615922,0.58036268,2.8766572,0.77010852
NLD,2011,PIRLS,4,read,0.44983029,0.21959592,0.56886077,0.2966378,0.33485293,0.18537189
NLD,2011,TIMSS,4,math,0.62716603,0.18695343,0.58743358,0.22690119,0.66323876,0.30319092
NLD,2011,TIMSS,4,science,1.2469292,0.38618064,1.1049986,0.37138236,1.3757706,0.48375818
NLD,2015,TIMSS,4,math,1.1891425,0.25600645,1.213038,0.47596973,1.1654317,0.2897889
NLD,2015,TIMSS,4,science,3.3179164,0.59861588,3.8814425,0.85505909,2.7587116,0.63434148
NLD,2016,PIRLS,4,read,1.3098419,0.33152875,2.035737,0.62327218,0.60346723,0.30959061
NOR,2001,PIRLS,4,read,11.791497,0.93091059,14.431649,1.4107732,9.0002718,1.0486727
NOR,2003,TIMSS,4,math,25.293785,1.2003245,25.238239,1.3593246,25.349676,1.5631815
NOR,2003,TIMSS,4,science,21.265507,1.5270388,21.840698,1.7848488,20.686817,1.5312616
NOR,2006,PIRLS,4,read,8.1726665,0.84048629,10.503263,1.2014825,5.7853403,0.77670705
NOR,2006,PIRLS,5,read,2.4483383,0.8339898,3.0590713,1.0337847,1.8121362,0.99449784
NOR,2007,TIMSS,4,math,17.066586,1.0733256,16.172636,1.6381111,17.970116,1.4605985
NOR,2007,TIMSS,4,science,15.965587,1.3942171,15.686089,1.3902663,16.248083,1.668299
NOR,2011,PIRLS,4,read,5.1773252,0.66342723,6.8483648,1.1072987,3.6239862,0.63885361
NOR,2011,TIMSS,4,math,8.899087,0.95558351,9.0888205,1.2823175,8.7195158,1.0130035
NOR,2011,TIMSS,4,science,7.5980959,0.8328073,7.9314651,0.92591244,7.2825789,1.0613266
NOR,2015,TIMSS,4,math,9.9875746,0.99971157,10.698467,1.0872444,9.2538776,1.4366719
NOR,2015,TIMSS,4,science,9.6425238,0.93069065,10.520065,1.1485184,8.7368374,1.4169713
NOR,2015,TIMSS,5,math,2.1107376,0.44955808,2.522999,0.62749648,1.6873479,0.4006505
NOR,2015,TIMSS,5,science,2.3057401,0.57990938,2.6202738,0.78500277,1.9827247,0.64353716
NOR,2016,PIRLS,4,read,5.7878437,0.50243133,7.8897476,0.75648957,3.6367297,0.64109278
NOR,2016,PIRLS,5,read,1.3905168,0.29009971,1.9960165,0.42224178,0.79067349,0.34947047
NZL,2001,PIRLS,4,read,10.016024,1.0238962,12.887627,1.5279438,7.0155501,1.0849674
NZL,2003,TIMSS,4,math,14.497185,0.97526151,15.211844,1.1283696,13.78848,1.2552935
NZL,2003,TIMSS,4,science,9.0736389,0.77110642,10.027885,1.0549769,8.1273441,0.9238798
NZL,2006,PIRLS,5,read,7.9271135,0.57785755,10.753769,0.92009616,5.0071359,0.51471531
NZL,2007,TIMSS,4,math,14.679414,1.010299,16.134512,1.34772,13.197655,1.0664612
NZL,2007,TIMSS,4,science,13.361799,0.98004192,15.525145,1.286711,11.1588,0.8925612
NZL,2011,PIRLS,5,read,8.3061399,0.51592958,10.107899,0.8597483,6.4428511,0.56753063
NZL,2011,TIMSS,5,math,15.27608,0.84510761,15.916973,1.206282,14.610958,1.150872
NZL,2011,TIMSS,5,science,13.750326,0.89803451,14.515752,1.2407675,12.95597,1.0835748
NZL,2015,TIMSS,5,math,16.022951,0.94242442,17.03112,0.92498177,14.985055,1.3122182
NZL,2015,TIMSS,5,science,11.86834,0.86834532,13.243616,0.900307,10.45252,1.2450433
NZL,2016,PIRLS,5,read,10.02655,0.63988322,12.447667,1.0275905,7.6273203,0.86362678
OMN,2011,PIRLS,4,read,52.578403,1.2134286,60.941345,1.3275611,43.927486,1.4346215
OMN,2011,TIMSS,4,math,53.924606,1.2109827,58.783661,1.5527251,48.905373,1.4444113
OMN,2011,TIMSS,4,science,54.723309,1.4631759,59.780846,1.389746,49.499046,1.9515386
OMN,2015,TIMSS,4,math,39.516113,1.1192942,44.208652,1.2490994,34.735317,1.3171723
OMN,2015,TIMSS,4,science,38.788361,1.0290585,44.507496,1.2636025,32.961662,1.2164037
OMN,2016,PIRLS,4,read,40.937382,1.2956077,49.983376,1.5235916,31.887466,1.2965378
PAN,2006,LLECE,6,read,69.679802,0.64990163,72.990891,0.90840894,66.111504,0.95490927
PAN,2013,LLECE,6,read,64.085754,0.94413918,67.576653,1.3390342,61.065834,1.371485
PER,2006,LLECE,6,read,67.964722,0.69535255,66.845177,1.0034561,69.119858,0.96797514
PER,2013,LLECE,6,read,53.695007,0.85602987,55.109657,1.1759399,52.112099,1.2484941
PHL,2003,TIMSS,4,math,65.963188,2.5725596,68.653992,2.3611615,63.410599,3.0079956
PHL,2003,TIMSS,4,science,66.276909,2.4740973,68.583115,2.3900459,64.089157,2.9367063
POL,2006,PIRLS,4,read,6.9638491,0.67758399,8.6466608,0.92817128,5.3712845,0.81401885
POL,2011,PIRLS,4,read,5.4160891,0.49920908,6.709403,0.75117868,4.0303946,0.60612381
POL,2011,TIMSS,4,math,13.49892,0.87912315,13.208735,1.0949026,13.810497,1.1228372
POL,2011,TIMSS,4,science,9.4913301,0.80582696,9.8556633,1.0672308,9.1001453,1.0393924
POL,2015,TIMSS,4,math,3.80041,0.39587602,4.5436563,0.71909887,3.0627608,0.54212773
POL,2015,TIMSS,4,science,2.5559425,0.37829223,3.3854604,0.6327579,1.7326653,0.41071609
POL,2016,PIRLS,4,read,1.9925416,0.34025422,2.390939,0.513807,1.5880048,0.47519729
PRT,2011,PIRLS,4,read,2.4062991,0.4585357,3.4347951,0.76276308,1.3215244,0.36648372
PRT,2011,TIMSS,4,math,3.2492161,0.59541935,3.3889592,0.77696747,3.1039417,0.63711566
PRT,2011,TIMSS,4,science,5.491024,0.98745412,5.9087696,1.0687243,5.0567331,1.3516192
PRT,2015,TIMSS,4,math,2.8351128,0.38569832,2.6349425,0.52892715,3.0433416,0.52387059
PRT,2015,TIMSS,4,science,3.9954782,0.6137622,3.8257062,0.68198067,4.172081,0.69827551
PRT,2016,PIRLS,4,read,2.9927075,0.37871283,3.2360017,0.51391268,2.7435064,0.54905683
PRY,2006,LLECE,6,read,74.168457,0.66703367,75.755051,0.96827614,72.656425,0.95638943
PRY,2013,LLECE,6,read,71.276367,0.94326597,73.640213,1.2913738,68.853256,1.3764021
QAT,2006,PIRLS,4,read,67.208633,0.65414584,73.917305,0.78559887,60.38018,1.161512
QAT,2007,TIMSS,4,math,87.138191,0.42752069,88.673836,0.66191095,85.677856,0.51108581
QAT,2007,TIMSS,4,science,77.161446,0.70705396,80.097275,0.95902485,74.369598,0.78639889
QAT,2011,PIRLS,4,read,40.330402,1.4611497,46.001999,1.783547,34.057201,2.0920837
QAT,2011,TIMSS,4,math,44.582081,1.6045024,47.582401,1.9074341,41.258301,2.2509291
QAT,2011,TIMSS,4,science,49.784809,1.5123104,54.097633,1.8559065,45.007027,2.1538014
QAT,2015,TIMSS,4,math,34.801823,1.4321722,36.398609,2.2933154,33.251064,1.9518505
QAT,2015,TIMSS,4,science,36.058773,1.5061892,41.211044,2.5570436,31.054985,1.7033967
QAT,2016,PIRLS,4,read,33.819866,0.83910197,40.443211,1.3968329,27.286226,1.259691
ROU,2001,PIRLS,4,read,11.602343,1.3205622,13.873172,1.976043,9.3864622,1.101881
ROU,2006,PIRLS,4,read,16.052502,1.7940004,17.833609,2.0490324,14.129967,1.8352907
ROU,2011,PIRLS,4,read,14.070582,1.4666529,16.065443,1.6778316,11.942905,1.6825544
ROU,2011,TIMSS,4,math,21.345335,1.9412128,21.366245,2.0173409,21.32299,2.3699534
ROU,2011,TIMSS,4,science,15.874517,1.7622094,16.066563,1.956284,15.669269,1.9522173
RUS,2001,PIRLS,4,read,3.8007379,1.224384,4.6186447,1.4239014,2.9559195,1.1244055
RUS,2003,TIMSS,4,math,4.8810062,0.84828252,4.9471674,0.99900198,4.8142314,1.0881983
RUS,2003,TIMSS,4,science,6.7574444,1.0997068,6.6488743,1.0604272,6.8670216,1.4024179
RUS,2006,PIRLS,4,read,1.5606999,0.46249819,1.838851,0.54332709,1.2908459,0.43301791
RUS,2007,TIMSS,4,math,4.9533844,0.71973342,5.9854746,1.1674566,3.9201081,0.74920559
RUS,2007,TIMSS,4,science,4.2529225,0.92920017,5.1230073,1.401666,3.3818364,1.0887903
RUS,2011,PIRLS,4,read,0.9506464,0.24234441,1.3475835,0.36347297,0.53569674,0.23533942
RUS,2011,TIMSS,4,math,3.1479478,0.55092424,3.4600258,0.69791365,2.8206527,0.5675953
RUS,2011,TIMSS,4,science,2.1162927,0.42655122,2.4313688,0.57686603,1.7858565,0.46956
RUS,2015,TIMSS,4,math,1.7481565,0.37834409,1.7584026,0.42929167,1.7375529,0.44791618
RUS,2015,TIMSS,4,science,1.464808,0.34099081,1.3446033,0.33822724,1.5892744,0.41926092
RUS,2016,PIRLS,4,read,0.89484453,0.24682043,1.1900663,0.36912292,0.58956742,0.23356089
SAU,2011,PIRLS,4,read,35.01355,1.8668952,48.939651,3.3552554,22.007769,1.5577672
SAU,2011,TIMSS,4,math,44.903851,1.8222815,50.364201,3.0593109,39.804352,2.1388292
SAU,2011,TIMSS,4,science,37.349552,1.9727539,48.396992,3.3861811,27.032196,2.2213891
SAU,2015,TIMSS,4,math,56.732384,1.711715,66.595322,2.4863367,46.424854,2.3685417
SAU,2015,TIMSS,4,science,51.634037,1.7804796,66.093147,2.5206349,36.523151,2.1860445
SAU,2016,PIRLS,4,read,36.669308,1.7067549,49.392273,2.4858947,22.989124,1.9337021
SEN,2014,PASEC,6,read,65.175743,2.8195693,64.42923,3.4705508,65.84362,2.7794743
SGP,2001,PIRLS,4,read,9.7910404,1.4060644,12.447715,1.7824819,6.9667759,1.167261
SGP,2003,TIMSS,4,math,2.5414348,0.62798446,3.1430721,0.81248069,1.9142687,0.54630697
SGP,2003,TIMSS,4,science,4.5995593,0.85635495,5.6197348,1.1004165,3.5360754,0.69601631
SGP,2006,PIRLS,4,read,3.3450961,0.39725387,4.5206966,0.60925758,2.0800114,0.33439094
SGP,2007,TIMSS,4,math,1.8288195,0.3331781,2.4896562,0.49405536,1.1301458,0.25194407
SGP,2007,TIMSS,4,science,3.8215101,0.46889353,4.6800671,0.59208876,2.9137909,0.46959451
SGP,2011,PIRLS,4,read,3.208828,0.39473051,4.2601109,0.52129698,2.102387,0.39901486
SGP,2011,TIMSS,4,math,1.1112809,0.21325895,1.3103545,0.3155289,0.90337992,0.21011934
SGP,2011,TIMSS,4,science,3.1592488,0.38731092,3.4333289,0.46213442,2.8730154,0.46997386
SGP,2015,TIMSS,4,math,1.3664126,0.23358434,1.5448689,0.36490685,1.1760533,0.26200435
SGP,2015,TIMSS,4,science,2.5259674,0.43913558,2.6868939,0.52911526,2.354306,0.45784283
SGP,2016,PIRLS,4,read,2.7472675,0.47231406,3.6153674,0.71592605,1.8563092,0.35074294
SLV,2006,LLECE,6,read,66.46936,0.59783125,65.940483,0.86236644,66.904106,0.83067006
SLV,2007,TIMSS,4,math,77.51487,1.6055249,75.316597,1.9555473,79.810448,1.9931117
SLV,2007,TIMSS,4,science,53.002922,1.4656738,49.617481,1.9021392,56.538212,1.9902887
SRB,2011,TIMSS,4,math,9.7276983,0.97597557,9.5745983,1.2229147,9.893549,1.2702538
SRB,2011,TIMSS,4,science,8.9212532,1.0406356,9.2887821,1.1109601,8.5231304,1.3505558
SRB,2015,TIMSS,4,math,9.4029846,1.2767698,10.997915,2.1369147,7.7062187,1.1049588
SRB,2015,TIMSS,4,science,7.3700666,1.2607466,8.9653492,2.0981426,5.6729317,0.92072535
SVK,2001,PIRLS,4,read,6.0690107,0.76832783,7.358593,1.083153,4.7653913,0.74022377
SVK,2006,PIRLS,4,read,5.6388798,0.85611099,6.2992692,1.0435562,4.9475374,0.96847278
SVK,2007,TIMSS,4,math,11.899781,1.4827688,11.641407,1.6070108,12.17044,1.5877396
SVK,2007,TIMSS,4,science,7.5263557,1.323114,7.4848232,1.4364169,7.5698671,1.4208633
SVK,2011,PIRLS,4,read,4.2471886,0.80139089,4.6637535,0.85829413,3.8164854,0.94367993
SVK,2011,TIMSS,4,math,9.6158743,1.1942142,9.1616631,1.162851,10.082155,1.4867522
SVK,2011,TIMSS,4,science,5.9357939,0.99821103,5.3368988,0.86419249,6.5506039,1.257697
SVK,2015,TIMSS,4,math,11.677593,0.99534494,10.702795,0.98616451,12.713348,1.2283305
SVK,2015,TIMSS,4,science,9.0423765,0.80710912,8.5592031,0.73890769,9.555769,1.1840111
SVK,2016,PIRLS,4,read,6.5542221,1.0742921,7.2182894,1.1380714,5.8626356,1.2799991
SVN,2001,PIRLS,3,read,8.8555279,0.61530179,11.411506,0.90478742,6.3082337,0.90318674
SVN,2003,TIMSS,4,math,16.460079,0.97598433,16.776091,1.454222,16.132498,1.4265405
SVN,2003,TIMSS,4,science,12.870592,0.86833853,13.137472,1.2810327,12.593931,1.0871928
SVN,2006,PIRLS,4,read,5.5670381,0.53235024,7.3024869,0.78440607,3.6989808,0.57431269
SVN,2007,TIMSS,4,math,8.428133,0.57421583,8.7422256,0.81552982,8.1062679,0.78952861
SVN,2007,TIMSS,4,science,7.0285201,0.56847084,7.3080835,0.77871102,6.7420301,0.90849417
SVN,2011,PIRLS,4,read,4.5255718,0.62078571,5.8041992,0.98360926,3.1190336,0.52371973
SVN,2011,TIMSS,4,math,5.6838989,0.55291599,5.2328944,0.83819991,6.1787963,0.65330642
SVN,2011,TIMSS,4,science,6.5564275,0.6022687,6.5575719,0.96564925,6.5551758,0.67585069
SVN,2015,TIMSS,4,math,4.7971368,0.58459079,5.6917372,0.80746311,3.8572252,0.63652343
SVN,2015,TIMSS,4,science,3.0774117,0.52829391,3.7233591,0.68453139,2.3987472,0.49673873
SVN,2016,PIRLS,4,read,3.6808968,0.53306419,4.7779441,0.77452189,2.5654495,0.60392869
SWE,2001,PIRLS,3,read,7.487792,0.77906501,9.5337982,1.0204641,5.4729342,0.97882289
SWE,2001,PIRLS,4,read,1.5469253,0.27038312,2.2101462,0.43191448,0.8495152,0.33271316
SWE,2006,PIRLS,4,read,1.8131733,0.36606768,2.3116469,0.52721274,1.2689471,0.3910636
SWE,2007,TIMSS,4,math,6.8438711,0.72878468,6.7495108,0.97455692,6.9378433,0.74645782
SWE,2007,TIMSS,4,science,5.0173879,0.62992537,5.9747639,0.8924166,4.0639043,0.66370469
SWE,2011,PIRLS,4,read,2.4079859,0.30732781,2.823627,0.60378397,1.9723296,0.43781507
SWE,2011,TIMSS,4,math,6.8255186,0.66225201,6.2955084,0.71912974,7.3842468,1.0678657
SWE,2011,TIMSS,4,science,4.7457991,0.50576478,4.7118545,0.47183457,4.7815857,0.79580218
SWE,2015,TIMSS,4,math,5.319047,0.83516973,5.5016994,1.0051476,5.1332116,0.87829334
SWE,2015,TIMSS,4,science,3.9856672,0.73150969,4.4366417,0.85863799,3.5268188,0.78823185
SWE,2016,PIRLS,4,read,1.9255519,0.34363535,2.5527179,0.51370615,1.2651026,0.36623338
SWZ,2000,SACMEQ,6,read,44.581944,0.88731676,46.661007,1.2783492,42.634846,1.2309904
SWZ,2007,SACMEQ,6,read,27.789646,0.70573658,30.348831,1.0239763,25.235849,0.9683708
SYC,2000,SACMEQ,6,read,31.918848,1.2105047,43.145592,1.8194546,20.716965,1.4888264
SYC,2007,SACMEQ,6,read,32.227211,1.2152201,44.13839,1.8083367,19.809389,1.4812489
TCD,2014,PASEC,6,read,97.023239,1.0696503,96.729866,1.1032287,97.576775,1.3827171
TGO,2014,PASEC,6,read,84.205185,1.3431034,85.461624,1.3619097,82.736534,1.8541555
THA,2011,TIMSS,4,math,22.664696,2.1281633,26.596827,2.6159921,18.647755,2.2966459
THA,2011,TIMSS,4,science,21.918606,2.2077727,24.980206,2.7574646,18.790966,2.1822958
TTO,2006,PIRLS,4,read,35.615604,2.049592,41.375118,2.4944012,29.706251,2.2129352
TTO,2011,PIRLS,4,read,22.001648,1.53605,27.55006,1.7828412,16.21542,1.8782613
TTO,2016,PIRLS,4,read,19.664347,1.2081865,24.237139,1.8311368,15.414506,1.4421468
TUN,2003,TIMSS,4,math,72.038239,1.7093325,72.884499,1.804808,71.131607,1.9640465
TUN,2003,TIMSS,4,science,73.376175,1.6566995,73.886284,1.6395941,72.829681,2.0459373
TUN,2007,TIMSS,4,math,71.941406,1.6240053,74.343254,1.6507013,69.246353,1.8670211
TUN,2007,TIMSS,4,science,68.051147,1.6753207,71.467773,1.6589708,64.21743,2.0605681
TUN,2011,TIMSS,4,math,64.865402,1.7977821,66.140984,2.0697432,63.450321,2.1087053
TUN,2011,TIMSS,4,science,65.12294,1.864795,69.198982,1.9464414,60.601131,2.2392099
TUR,2001,PIRLS,4,read,27.686899,1.3932437,31.711977,1.6420183,23.349072,1.6155143
TUR,2011,TIMSS,4,math,22.71096,1.4758977,23.546577,1.5817109,21.811914,1.7592218
TUR,2011,TIMSS,4,science,24.111366,1.4881957,25.099897,1.6560892,23.047806,1.7765423
TUR,2015,TIMSS,4,math,18.620211,1.1351776,19.177055,1.2473887,18.050539,1.317305
TUR,2015,TIMSS,4,science,17.563826,1.2610571,18.368923,1.6016983,16.740173,1.1888881
TZA,2000,SACMEQ,6,read,36.531818,0.90149391,33.922176,1.2758592,38.920277,1.2695228
TZA,2007,SACMEQ,6,read,22.081942,0.64058274,18.635691,0.85648435,25.410276,0.94441903
UGA,2000,SACMEQ,6,read,68.818695,0.90139711,70.533096,1.1842397,66.681381,1.3851331
UGA,2007,SACMEQ,6,read,69.471252,0.6322276,67.414604,0.91444683,71.470085,0.87258369
UKR,2007,TIMSS,4,math,20.71203,1.1966209,21.345514,1.6098185,20.032537,1.5500822
UKR,2007,TIMSS,4,science,18.296982,1.2976991,20.114595,1.5659266,16.347361,1.5201877
URY,2006,LLECE,6,read,40.873878,0.63528961,45.140965,0.91824281,36.714371,0.88064259
URY,2013,LLECE,6,read,41.42992,1.1075971,46.094734,1.5739495,37.012177,1.5494978
USA,2001,PIRLS,4,read,6.0137033,0.71261132,8.3021402,1.2062554,3.7863612,0.70188975
USA,2003,TIMSS,4,math,6.8601012,0.48761564,6.8768263,0.58089137,6.8432212,0.5741331
USA,2003,TIMSS,4,science,5.8293819,0.51551276,6.0597181,0.67035532,5.5967569,0.51057482
USA,2006,PIRLS,4,read,4.0375891,0.59420907,5.2212534,0.77244908,2.8815627,0.58310485
USA,2007,TIMSS,4,math,4.8383594,0.45081627,4.8516154,0.6599474,4.8255978,0.5561074
USA,2007,TIMSS,4,science,5.9635105,0.58469462,5.9615192,0.58476532,5.9654236,0.75839466
USA,2011,PIRLS,4,read,2.4826407,0.2566421,3.1000614,0.37281439,1.8832505,0.25480449
USA,2011,TIMSS,4,math,3.880775,0.34534007,3.7232935,0.40006772,4.0339947,0.47215903
USA,2011,TIMSS,4,science,4.4143257,0.41684797,4.3479204,0.45966002,4.4789314,0.52310562
USA,2015,TIMSS,4,math,5.2475333,0.47742707,5.2726803,0.5454368,5.2230954,0.53895152
USA,2015,TIMSS,4,science,4.6434879,0.46396503,4.711926,0.54822576,4.5769811,0.52436364
USA,2016,PIRLS,4,read,3.9059222,0.49997839,4.5872688,0.64423883,3.2123566,0.58164537
YEM,2003,TIMSS,4,math,85.263924,1.8807232,84.101448,2.4853797,87.032249,2.1040213
YEM,2003,TIMSS,4,science,80.34536,2.0805411,80.312088,2.5576053,80.395973,2.5660424
YEM,2007,TIMSS,4,math,93.671143,0.80121595,94.13443,0.93271583,93.079765,1.0484591
YEM,2007,TIMSS,4,science,92.199623,1.0533235,93.091461,1.2526989,91.061211,1.245864
YEM,2011,TIMSS,4,math,90.734612,1.0438788,91.072075,1.2305245,90.237213,1.4303855
YEM,2011,TIMSS,4,science,93.501053,0.93797034,94.173454,1.1151803,92.509972,1.1665729
YEM,2011,TIMSS,6,math,68.510002,2.1150005,69.323021,2.5376635,67.396538,2.5769465
YEM,2011,TIMSS,6,science,65.403458,2.1752787,67.63443,2.732419,62.348053,2.8266585
ZAF,2000,SACMEQ,6,read,66.099205,0.84182566,71.352867,1.1505955,61.351257,1.210945
ZAF,2006,PIRLS,5,read,77.796249,1.5598943,80.99263,1.5722252,74.821968,1.793015
ZAF,2007,SACMEQ,6,read,63.024189,0.50688428,67.607071,0.69924706,58.582058,0.72705996
ZAF,2011,PIRLS,5,read,43.303757,2.8226709,48.305756,3.4934118,38.056286,2.8443153
ZAF,2015,TIMSS,5,math,61.353401,1.393459,64.100838,1.6735952,58.367905,1.5606135
ZAF,2016,PIRLS,4,read,77.949295,1.5059417,83.785751,1.4696281,71.626122,1.7211434
ZAF,2016,PIRLS,5,read,48.924404,2.5146596,54.991867,2.6292465,42.983532,2.7196932
ZMB,2000,SACMEQ,6,read,82.757141,0.73941302,83.873177,1.0005949,81.572563,1.0931109
ZMB,2007,SACMEQ,6,read,87.565964,0.6133728,86.795685,0.88058209,88.376846,0.85202634
ZWE,2007,SACMEQ,6,read,57.897732,0.89842135,60.068321,1.3500617,56.220715,1.2021958
